1,31,40,51,2,81,81,80,2,100,100,100,1,30,30,51,1,10,0,10,2,92,100,90,2,61,80,71,2,81,81,81,2,81,81,81,2,100,100,100,2,82,82,81,2,92,100,92,2,82,80,82,2,81,81,81,1,19,0,20,1,20,20,20,2,81,81,81,2,91,91,91,1,40,39,40,2,91,91,91,2,91,91,92,2,91,91,91,1,40,40,40,2,81,81,81,1,19,19,19,1,47,47,48,2,92,92,91,1,40,0,40,1,48,48,47,2,72,71,71,2,80,81,81,2,100,100,100,2,100,100,100,1,0,0,0,1,48,48,48,2,100,100,100,2,81,81,81,2,100,100,100,2,52,52,52,1,48,48,48,2,70,70,70,2,92,91,92,2,100,100,100,2,100,100,100,2,53,53,53,1,0,0,0,2,100,100,100,2,52,52,52,2,60,60,60,1,47,47,47
2,80,91,79,2,77,55,76,2,83,81,81,2,81,92,84,2,88,89,87,2,88,90,86,1,35,28,33,1,38,43,41,1,35,33,34,2,77,74,77,2,92,94,92,2,83,92,85,2,86,85,84,2,82,86,86,2,89,89,84,2,70,65,70,2,88,88,86,2,84,83,84,2,85,95,88,2,88,90,85,2,90,100,88,2,88,89,89,2,88,96,89,2,86,90,87,1,44,43,42,2,70,61,66,2,71,74,73,2,84,89,84,2,56,55,59,2,89,88,86,2,87,86,86,2,91,94,93,2,88,88,86,2,85,88,85,2,89,90,87,2,89,89,87,2,89,94,90,2,92,93,91,2,88,94,89,2,85,85,86,2,88,93,88,2,87,93,89,2,88,93,89,2,88,93,88,2,88,93,90,2,71,68,69,2,88,92,87,2,86,90,84,2,65,64,64,2,81,87,81
2,90,87,98,2,72,90,70,2,94,100,89,2,93,96,85,1,93,0,76,2,84,99,93,1,26,9,19,2,73,70,81,1,16,7,14,2,89,75,89,2,87,92,90,2,74,89,74,2,97,86,99,2,87,62,91,2,81,85,88,1,33,29,35,2,76,73,82,2,100,90,100,1,19,31,15,2,80,85,77,2,100,82,94,2,84,74,87,2,93,78,87,1,24,34,21,2,86,75,86,2,69,72,67,2,77,88,76,2,96,88,96,1,27,31,29,2,80,94,83,2,92,89,90,1,73,13,72,2,77,100,71,2,88,63,88,2,92,94,94,1,62,31,65,2,67,82,65,2,97,95,96,2,97,97,89,2,89,96,84,2,65,77,66,1,74,20,61,1,62,20,60,2,97,88,97,2,68,57,66,1,11,0,10,2,93,68,89,1,21,6,17,2,70,57,66,2,75,64,75
2,100,100,100,2,100,100,100,2,100,100,100,2,100,100,100,1,0,0,0,2,100,100,100,2,57,52,35,1,47,42,17,1,0,0,0,2,93,94,100,2,100,100,100,2,94,100,95,2,90,100,97,2,100,100,100,2,100,100,93,2,92,100,97,2,99,95,100,2,97,98,98,2,99,96,99,2,97,97,95,2,99,100,95,2,99,98,100,2,100,96,100,2,51,52,70,2,94,98,96,1,42,38,37,2,68,82,80,2,87,89,86,2,55,57,55,2,92,90,92,2,99,100,99,1,57,19,61,2,98,100,98,2,100,97,99,2,76,86,81,2,97,99,98,2,96,99,94,2,60,60,70,2,92,96,92,1,41,41,58,2,88,94,91,2,96,98,96,2,63,71,70,2,97,98,99,2,59,61,61,1,24,26,30,2,98,100,99,1,38,36,39,2,70,77,73,2,57,62,60
2,71,69,63,2,66,62,72,2,66,75,69,2,75,72,73,2,68,73,76,2,71,76,68,2,72,62,75,2,68,74,64,2,68,66,64,2,65,63,64,2,62,64,65,2,66,69,66,2,65,66,66,2,66,66,66,2,66,67,65,2,67,67,69,2,68,67,67,2,65,65,66,2,65,65,65,2,68,68,70,2,69,69,70,2,66,69,69,2,67,69,70,2,66,69,69,2,66,66,68,2,69,71,71,2,71,70,69,2,71,70,71,2,70,71,71,2,69,68,69,2,68,70,70,2,70,69,70,2,69,71,70,2,68,70,70,2,65,66,68,2,69,70,69,2,68,69,69,2,69,70,70,2,70,70,69,2,65,69,66,2,69,70,70,2,69,71,70,2,69,70,70,2,67,70,70,2,70,71,70,2,70,70,71,2,70,70,70,2,71,71,70,2,70,70,70,2,71,70,70
1,60,43,83,1,80,48,44,2,69,70,82,2,38,59,85,2,43,70,70,2,68,83,71,1,20,25,68,2,79,67,87,1,66,36,75,2,73,75,87,2,70,77,83,1,56,22,83,2,68,84,58,1,65,25,75,1,63,37,85,2,75,87,75,1,65,35,74,1,61,34,37,1,70,32,51,2,60,75,70,2,65,87,87,2,70,91,86,2,75,64,76,1,74,25,64,2,62,76,76,2,36,66,65,2,67,63,80,2,78,66,75,2,66,63,77,1,37,31,82,2,63,60,80,2,75,100,91,2,81,76,89,2,78,78,79,2,75,74,87,2,84,68,87,2,76,76,73,2,72,64,68,2,85,82,82,1,72,28,69,2,73,71,88,2,78,68,77,2,70,80,80,2,75,70,74,2,70,71,83,2,73,61,89,1,61,34,51,1,30,35,39,1,65,39,69,2,72,70,75
1,87,45,51,2,48,61,62,2,97,100,100,2,100,100,100,2,82,81,100,2,93,94,100,2,89,89,100,1,51,26,51,1,0,0,11,2,100,100,73,2,96,95,100,1,51,44,51,2,100,100,100,2,98,100,100,1,37,43,40,1,12,16,41,2,51,65,60,1,0,0,68,2,100,100,76,1,64,43,51,2,100,100,78,2,100,100,75,2,67,68,82,1,38,38,39,1,40,39,39,1,35,35,36,1,41,40,40,2,100,100,97,1,36,37,37,2,99,100,100,2,98,92,94,2,100,100,99,2,79,80,89,1,38,38,38,2,100,100,89,2,89,93,92,2,100,100,100,2,54,57,62,2,98,100,100,1,34,35,36,1,31,31,31,2,84,89,95,2,100,96,100,2,100,100,100,2,71,71,53,1,54,38,51,2,100,98,100,1,58,35,43,2,97,100,100,2,93,86,63
1,62,0,68,1,23,0,42,2,75,100,73,2,29,100,68,1,31,0,41,2,33,100,72,1,34,0,56,1,37,0,57,1,34,0,60,2,77,100,78,2,68,100,75,2,67,100,41,1,69,0,74,2,70,67,90,2,41,100,72,1,77,0,30,1,89,0,82,1,77,0,68,1,82,0,85,1,79,0,81,2,88,100,91,1,83,0,82,1,62,0,71,2,50,100,62,1,75,39,74,1,51,44,37,1,64,0,60,1,87,0,61,1,47,32,57,1,69,0,62,1,69,35,54,1,22,0,72,1,79,24,73,2,34,56,39,2,34,100,47,2,37,100,70,1,71,0,71,1,83,0,74,2,66,100,80,2,28,76,58,2,79,77,79,1,69,0,38,1,79,0,61,2,69,100,56,2,69,66,71,1,72,0,61,1,62,0,32,2,36,60,68,1,66,32,41,2,42,60,45
2,80,86,78,1,60,27,59,2,94,91,94,2,84,89,85,1,8,3,8,2,91,97,92,1,35,24,27,1,32,46,45,2,76,88,84,2,93,94,96,2,96,97,98,2,94,97,97,2,94,99,97,2,75,60,78,2,78,54,76,1,17,25,21,1,39,49,36,2,77,64,81,1,4,0,8,2,66,80,68,2,94,80,97,2,93,85,95,2,78,57,78,2,86,85,91,1,2,2,4,1,17,24,14,2,78,84,79,1,65,1,64,1,24,48,30,1,10,36,13,2,84,79,87,1,22,10,24,2,75,61,77,2,86,95,87,2,78,71,82,2,68,55,70,2,61,91,63,2,92,83,94,2,91,97,93,1,2,0,2,1,33,46,27,2,83,60,85,2,70,59,70,2,92,95,92,2,40,56,36,1,25,39,26,2,65,85,67,2,61,60,61,1,22,42,23,1,13,41,10
2,70,65,60,2,80,100,80,1,35,29,40,2,75,80,75,1,60,0,40,1,70,10,60,2,35,70,35,2,40,60,40,1,40,0,60,2,75,100,70,2,85,100,80,2,90,90,80,1,75,0,60,2,75,85,61,2,70,100,65,2,80,90,70,1,75,20,55,1,70,0,60,1,30,20,30,1,80,35,70,1,80,20,75,1,65,0,65,2,70,80,70,2,85,80,70,1,60,40,60,1,40,30,40,2,90,65,75,1,60,0,40,2,60,75,60,1,80,0,40,2,70,80,60,1,70,0,35,2,70,65,60,2,75,80,70,2,70,100,41,2,80,85,75,2,70,70,40,1,35,0,30,2,60,80,40,2,60,100,60,2,65,60,40,1,60,0,70,1,20,0,35,2,80,90,70,2,85,100,70,1,20,0,30,1,70,0,20,2,75,70,70,1,70,25,60,2,70,70,75
2,100,100,81,2,89,100,70,2,91,100,96,2,75,100,86,1,93,0,33,2,74,90,70,1,40,24,39,1,29,37,39,2,63,66,61,2,78,100,80,2,82,94,81,2,75,90,83,2,77,87,86,2,86,90,88,2,86,88,91,1,42,21,40,1,39,14,43,1,45,0,15,1,45,1,20,1,71,18,51,2,93,99,82,1,93,13,75,1,78,21,83,2,86,100,78,1,84,7,80,1,50,49,43,2,83,84,88,1,81,9,81,1,97,13,72,2,77,85,74,2,84,90,92,1,78,22,75,1,94,2,85,1,81,26,82,2,93,91,86,2,81,87,81,1,86,19,76,1,97,21,71,2,84,100,80,2,27,100,28,2,20,81,33,1,52,37,50,1,74,0,74,2,77,100,86,1,49,49,49,2,77,54,74,2,83,100,89,2,78,100,93,1,77,7,85,1,58,13,82
2,77,72,82,2,83,82,82,1,61,21,70,2,100,100,92,1,82,0,71,2,92,100,92,2,72,100,82,1,66,0,70,1,62,0,61,2,100,100,100,2,92,100,93,2,100,100,93,1,72,0,62,2,81,100,61,2,93,100,73,1,92,0,72,1,92,0,91,1,94,0,81,1,83,0,42,2,100,100,92,2,100,100,92,1,90,0,81,1,81,0,44,2,81,62,73,1,83,0,72,2,81,62,63,2,81,82,91,1,86,0,83,1,57,47,71,2,83,100,63,2,93,100,82,1,71,0,65,2,78,100,72,2,78,100,73,2,74,100,72,2,81,100,80,2,90,100,95,2,82,81,82,2,81,81,83,2,89,100,81,2,90,100,91,1,100,0,78,2,100,100,100,2,83,100,93,1,63,0,63,1,61,0,70,2,100,100,88,1,80,0,63,2,74,82,73,2,61,60,61
1,84,0,67,1,91,0,89,2,89,100,99,2,100,100,85,1,94,0,97,2,91,100,92,1,79,0,25,2,23,100,100,2,23,100,26,2,100,100,100,2,100,100,100,2,80,100,41,1,100,0,38,2,100,100,100,2,100,100,83,1,79,0,30,1,85,0,75,1,87,0,80,2,93,81,65,1,84,0,24,2,100,100,100,1,76,0,26,2,100,100,100,2,95,100,79,2,100,90,34,1,80,15,33,2,100,100,100,1,34,0,39,1,71,0,70,1,83,0,89,1,83,18,29,1,100,0,72,1,100,0,76,2,83,94,37,2,24,100,27,2,96,100,29,2,91,100,100,1,73,0,31,2,28,100,75,2,84,100,74,1,68,0,33,1,92,1,76,2,100,93,27,2,100,100,81,2,89,100,100,1,79,0,32,1,87,0,66,2,93,100,90,1,97,0,26,2,100,100,84
1,19,0,28,1,27,0,27,2,85,100,80,2,88,100,81,1,4,0,17,2,96,100,80,1,27,0,24,1,38,15,51,1,35,19,38,2,88,89,76,2,86,100,84,2,66,75,57,1,51,25,60,2,79,100,84,2,51,73,54,1,51,46,51,1,45,0,42,1,47,35,43,2,62,62,60,1,44,44,46,2,85,95,85,1,38,46,45,1,44,45,46,2,39,53,47,1,40,33,35,2,57,57,56,1,44,35,45,1,29,20,30,1,33,35,30,1,31,0,32,1,39,41,41,1,14,0,16,1,46,46,46,2,79,100,78,2,72,74,71,2,79,80,73,1,40,40,46,1,46,18,30,2,79,92,74,2,59,71,58,2,39,55,44,2,81,82,75,2,68,73,71,2,80,92,79,2,40,55,53,1,62,20,23,1,61,29,53,2,57,57,56,1,22,43,72,1,43,43,46
2,91,90,93,2,90,75,74,2,88,90,93,2,57,75,89,1,4,0,0,2,69,97,78,1,26,18,26,2,77,89,74,1,20,30,14,2,84,86,78,2,79,79,71,2,78,67,90,2,78,63,81,2,90,72,76,2,86,70,67,2,76,91,74,2,90,78,94,2,100,84,76,2,87,69,93,1,86,35,69,2,77,94,65,2,84,61,77,1,25,38,78,2,84,58,78,2,88,69,22,1,32,27,36,2,89,73,74,1,78,31,76,1,12,35,64,2,29,76,32,2,64,68,66,1,16,33,19,1,18,32,21,1,25,35,26,1,23,30,27,1,13,32,18,2,79,70,88,2,81,73,94,1,71,31,65,1,24,38,27,2,69,58,84,2,89,79,65,2,90,79,78,2,100,87,79,1,36,29,33,1,85,39,62,2,91,80,71,2,89,73,87,1,86,20,66,1,20,29,17
1,65,41,69,2,67,77,74,2,86,72,95,2,71,92,77,2,81,98,92,2,82,98,87,1,79,35,65,1,100,0,71,1,98,0,90,1,80,21,81,2,92,77,98,2,90,68,92,2,87,99,97,2,88,90,81,2,98,92,78,2,80,65,98,2,93,78,96,2,94,77,100,1,79,10,85,1,82,6,99,2,88,77,98,2,84,75,99,2,87,96,100,2,96,78,97,1,80,3,69,2,92,74,99,2,100,86,100,2,96,80,100,2,100,80,98,2,99,93,98,2,88,99,84,2,96,77,99,2,99,82,98,2,78,100,86,1,84,0,82,2,90,80,100,2,100,82,99,2,91,100,82,2,83,98,87,2,78,99,89,2,91,100,81,1,6,0,99,2,97,99,90,2,94,82,99,1,6,8,98,2,99,76,100,2,96,99,90,2,75,99,81,2,97,82,100,2,90,100,90
2,64,65,69,1,15,18,19,2,85,84,84,2,78,82,83,2,73,78,79,2,78,78,80,2,76,75,82,2,71,74,78,1,20,20,20,2,70,80,76,2,70,77,79,1,18,22,21,2,78,67,58,2,77,64,81,2,72,77,89,2,69,84,58,2,45,69,61,2,66,82,69,2,67,72,63,1,79,42,75,1,68,43,80,2,61,90,75,2,72,70,90,2,72,65,88,2,91,75,80,2,76,90,75,2,79,72,93,2,77,93,70,2,78,94,81,2,74,92,82,2,79,96,79,2,71,95,80,2,75,94,73,2,73,80,94,2,72,95,79,2,82,90,85,2,72,89,48,2,85,76,90,2,72,92,90,2,69,91,92,2,77,76,93,2,63,90,41,1,95,48,75,2,83,66,92,2,89,72,89,2,72,93,72,2,73,94,80,2,65,84,82,2,75,86,76,2,71,90,74
2,70,70,71,2,69,70,69,2,70,70,70,2,70,71,70,2,69,70,70,2,69,71,69,2,70,70,70,2,70,70,70,2,71,71,74,2,69,70,69,2,70,72,70,2,71,71,70,2,72,71,70,2,71,71,70,2,71,71,70,2,68,71,71,2,71,72,71,2,71,71,70,2,71,70,70,2,71,70,70,2,70,71,71,2,70,70,70,2,71,70,71,2,72,71,70,2,71,71,71,2,70,71,70,2,72,71,70,2,72,72,71,2,71,70,70,2,72,72,70,2,71,71,70,2,71,71,70,2,71,71,71,2,68,72,70,2,71,71,70,2,69,71,71,2,70,70,71,2,72,71,70,2,71,71,72,2,72,72,71,2,71,70,72,2,70,70,72,2,71,70,71,2,70,71,70,2,72,71,71,2,72,71,70,2,70,71,70,2,71,70,71,2,71,72,72,2,71,71,71
2,93,83,75,2,90,89,91,2,92,91,92,1,36,29,44,1,24,13,11,2,90,87,88,1,21,27,22,1,5,3,28,2,76,75,76,2,78,87,83,2,99,95,98,2,84,91,89,2,89,87,89,2,94,90,90,2,86,87,87,1,18,13,19,1,26,27,21,2,82,86,85,1,0,0,0,2,88,90,87,2,85,89,87,2,97,97,97,2,93,94,93,1,18,25,26,1,18,17,18,1,13,13,15,2,90,90,90,1,32,31,30,1,7,8,10,2,95,94,93,2,94,91,91,1,38,35,36,2,93,95,95,2,91,94,92,2,93,91,93,2,94,94,93,2,96,95,95,2,93,95,94,2,93,95,94,1,19,18,19,2,93,92,93,2,83,88,88,2,94,93,93,2,94,94,94,1,24,25,24,1,20,17,17,2,91,91,91,1,22,16,19,2,92,92,92,2,91,91,91
2,75,70,71,2,90,95,81,2,75,65,70,2,85,100,75,1,35,20,30,2,81,86,73,1,25,30,40,1,20,15,25,1,30,11,20,2,79,85,71,2,87,83,71,2,72,70,81,2,81,72,65,2,71,60,59,2,70,65,60,2,80,90,70,2,70,60,66,1,40,30,40,1,25,15,30,2,70,80,60,2,81,85,70,2,70,80,65,2,60,50,60,2,60,51,56,2,60,55,71,1,31,25,30,1,30,10,30,1,50,30,50,2,60,65,60,1,30,20,25,1,40,25,25,2,85,100,81,2,70,75,61,1,15,20,19,2,65,60,65,2,85,100,90,2,70,71,66,1,40,30,30,2,65,70,59,1,30,20,25,1,30,20,30,2,70,65,70,2,85,90,85,2,80,95,91,1,40,30,35,1,20,15,20,2,70,90,80,2,60,70,60,2,71,85,67,1,30,20,25
2,87,76,92,1,33,25,42,2,80,97,80,2,76,71,83,2,100,82,88,1,35,19,35,2,85,69,88,1,30,19,37,2,77,74,84,2,100,74,84,1,36,40,20,2,75,67,21,1,25,22,36,2,77,79,28,2,68,90,73,2,67,86,73,2,100,100,100,1,31,37,42,2,80,70,80,2,81,98,85,1,29,46,35,2,67,85,70,2,100,100,100,2,80,84,97,1,36,45,74,2,81,78,91,1,37,29,47,2,100,75,87,2,100,80,96,2,78,91,74,1,38,32,74,2,100,100,100,2,87,86,98,2,79,72,60,2,100,72,81,2,92,77,88,2,91,78,91,1,32,41,28,2,70,89,73,2,81,90,77,2,87,81,91,1,37,26,41,2,85,84,95,2,77,68,88,2,81,75,60,2,97,98,97,1,12,19,9,2,60,60,48,1,25,36,33,2,65,67,58
2,85,100,70,1,68,0,81,2,92,93,96,2,71,90,62,1,60,0,79,1,71,0,58,2,80,91,92,1,67,50,62,1,61,50,77,2,95,100,98,2,95,100,97,2,99,100,93,1,95,0,90,2,99,100,95,2,94,82,91,2,81,91,70,1,95,0,97,1,91,0,92,2,82,61,81,1,85,0,85,2,97,100,89,1,90,3,92,1,95,50,93,2,71,82,81,1,47,40,36,2,71,91,71,2,95,96,81,1,97,0,92,2,62,50,57,1,74,0,76,2,85,72,82,1,67,0,73,2,85,100,72,2,71,72,61,2,80,100,72,2,98,50,92,2,85,100,80,1,94,0,92,2,81,100,81,2,31,100,65,2,62,50,72,1,21,21,64,1,41,0,30,2,91,100,85,2,62,50,68,1,62,0,68,1,81,0,79,2,67,100,39,1,97,0,87,2,42,50,41
1,79,35,86,2,79,69,68,1,77,36,43,2,31,76,71,2,29,73,88,2,79,82,33,1,78,21,84,2,75,90,34,2,24,77,77,2,30,76,88,2,72,80,37,2,75,90,31,2,79,84,24,2,70,86,24,1,33,35,83,2,31,85,76,2,66,84,82,2,80,80,41,2,35,86,43,1,82,33,81,2,32,77,38,1,65,41,69,2,34,63,31,1,72,38,73,2,39,74,38,2,33,67,43,2,71,67,32,1,71,41,37,2,37,64,42,2,40,67,44,1,78,42,20,2,39,69,38,1,62,42,32,2,28,66,67,2,43,69,33,1,64,39,70,2,82,68,35,1,65,34,24,2,38,73,91,1,40,25,80,2,39,66,38,2,40,65,83,1,66,39,62,1,41,31,79,2,35,54,33,1,73,43,61,1,70,43,64,2,28,62,80,2,36,66,43,1,80,33,76
2,82,86,92,2,85,80,92,2,93,83,96,2,85,90,81,2,97,91,93,2,87,74,95,2,96,84,99,2,95,82,96,2,93,90,90,2,100,79,93,2,98,91,100,2,98,95,97,2,98,91,100,2,95,87,100,2,100,83,100,2,100,93,100,2,98,88,100,2,98,96,99,1,33,36,13,2,91,99,90,2,99,95,100,2,99,91,100,2,100,89,99,2,99,97,98,2,98,91,100,2,99,92,100,2,100,93,100,2,99,90,100,2,100,90,99,2,99,92,100,2,100,95,100,2,99,93,99,2,98,99,99,2,92,92,96,2,100,86,100,2,95,84,99,2,98,91,100,2,94,88,100,2,95,83,94,2,81,96,84,2,96,89,98,2,79,93,86,2,87,94,88,2,86,98,84,2,89,77,95,2,94,80,96,2,86,97,88,2,99,83,99,2,90,99,90,2,94,100,88
2,75,51,51,2,51,51,51,2,51,51,51,2,51,51,51,1,51,0,51,2,51,51,51,2,51,51,51,2,51,51,51,2,51,51,51,2,51,51,51,2,52,52,52,2,51,51,51,2,51,51,51,2,51,51,51,2,51,51,51,2,51,51,52,2,51,51,51,2,51,51,51,2,51,51,51,1,51,0,51,2,51,51,51,2,51,51,51,2,51,51,51,2,51,51,51,2,51,51,51,2,51,51,51,2,51,51,51,2,51,51,51,2,51,50,51,2,51,51,51,2,51,51,51,1,51,0,51,2,51,51,53,2,51,51,51,2,51,51,51,2,51,52,51,2,51,51,52,2,51,51,51,2,51,52,51,2,52,51,51,2,51,51,51,2,52,51,54,2,52,51,52,2,53,52,52,2,51,51,51,2,51,51,51,2,51,52,52,2,52,51,51,2,51,52,51,2,51,51,51
2,55,78,30,2,81,76,78,2,88,75,92,2,75,100,79,2,97,100,97,2,70,100,61,2,54,100,31,2,80,100,59,2,45,100,31,2,91,100,85,2,63,100,58,2,45,100,37,2,89,100,90,2,82,100,60,2,75,100,60,2,72,99,68,1,39,37,45,2,85,100,83,1,38,34,53,1,55,26,34,2,77,99,69,1,75,28,61,1,86,5,82,2,92,100,90,1,52,8,50,1,64,3,68,1,74,0,75,1,92,0,90,1,37,1,21,1,90,0,93,1,63,0,69,1,55,0,60,1,72,1,66,1,23,2,54,2,64,100,61,2,69,90,68,1,65,0,68,1,57,0,65,2,71,100,66,2,50,100,58,1,42,0,24,1,82,0,85,1,56,0,51,1,89,19,83,1,29,0,11,1,56,0,56,1,77,5,72,2,68,100,77,2,66,99,94,2,53,100,56
2,79,90,62,2,91,92,69,2,88,90,82,2,95,93,87,1,30,0,15,1,33,19,27,1,23,23,25,2,92,96,72,1,23,21,30,2,95,94,84,2,97,95,92,2,95,95,93,1,32,24,29,2,93,88,87,2,97,94,93,2,89,93,94,1,24,18,34,2,92,85,86,1,67,17,75,2,87,88,82,1,37,34,71,1,28,31,33,2,87,97,92,2,89,87,86,2,87,78,81,1,32,30,23,2,82,91,83,1,29,31,74,2,91,89,84,2,88,86,89,1,37,38,31,1,17,19,88,2,90,87,89,2,89,98,89,2,88,84,85,1,39,38,85,1,16,23,77,2,91,87,88,2,81,51,53,2,90,91,87,1,31,34,66,2,94,83,82,1,20,20,81,2,89,91,86,2,86,96,87,1,32,25,69,1,33,29,69,2,80,93,74,1,10,5,86,2,91,86,88
1,60,37,80,1,90,0,40,2,100,100,100,1,10,10,40,1,90,0,70,2,100,100,90,1,20,0,70,1,40,11,40,1,0,0,49,2,100,80,70,2,100,100,80,2,66,85,51,2,81,100,65,2,80,100,60,2,40,90,70,1,80,0,71,2,81,75,80,2,100,100,80,2,83,73,71,1,25,40,71,2,80,100,82,2,78,81,60,1,39,39,42,2,40,90,39,1,20,0,50,1,30,30,45,2,70,89,69,1,100,0,90,1,40,30,65,1,70,40,47,2,75,93,65,1,90,0,76,1,87,9,74,1,39,26,51,1,77,31,71,1,80,30,60,2,100,90,90,2,86,80,72,2,80,75,92,1,35,21,40,1,30,19,41,1,80,19,71,2,90,80,91,2,80,81,71,1,40,50,70,1,30,20,29,1,75,0,63,2,80,66,76,2,83,100,83,1,38,30,51
2,63,73,85,1,72,38,66,2,91,57,85,2,75,68,57,2,73,93,99,1,79,46,76,1,93,31,93,1,68,29,100,2,94,50,67,2,71,70,91,2,67,100,61,2,65,92,61,1,79,26,61,2,63,100,75,2,62,75,74,2,65,57,76,2,85,62,84,2,85,60,12,1,79,29,78,2,74,72,98,1,72,14,85,2,74,88,60,1,18,39,66,2,79,71,18,2,71,77,81,2,75,94,85,2,68,74,22,2,72,69,77,2,98,64,94,2,62,61,68,2,62,75,81,2,43,71,64,2,62,57,77,2,58,55,71,2,59,74,59,2,83,58,79,2,66,80,60,2,66,78,58,2,84,80,68,2,65,83,73,2,75,62,89,2,71,86,81,2,70,77,75,2,78,77,78,2,61,100,64,2,64,85,65,2,61,84,63,2,65,82,69,2,68,80,67,2,64,74,63
2,70,100,58,2,70,90,44,2,60,90,40,2,59,70,40,2,80,95,65,2,54,100,43,1,30,0,44,1,29,0,15,1,55,16,45,2,75,100,63,2,60,100,40,2,44,100,38,2,65,93,55,2,36,85,27,2,40,100,65,1,40,5,35,2,26,92,43,2,60,100,70,1,36,0,25,2,40,100,54,2,64,100,48,2,58,100,66,2,47,85,36,2,36,65,31,1,44,30,35,1,44,0,33,2,55,100,42,1,85,0,80,1,40,42,31,2,49,55,41,2,63,63,64,2,70,100,65,2,55,100,56,1,36,0,33,2,62,100,48,2,66,100,59,2,68,100,65,2,73,100,65,2,36,100,31,1,42,0,36,1,51,45,41,2,60,90,75,1,66,10,50,2,62,100,55,1,41,0,30,1,74,0,45,2,77,100,80,1,40,0,46,1,49,43,34,1,69,37,29
2,61,63,36,1,70,34,72,2,31,65,66,2,33,63,35,2,66,73,68,2,66,66,72,1,26,38,35,2,77,75,81,1,66,32,69,2,79,70,84,2,29,79,77,1,81,25,78,2,82,75,64,1,69,37,70,2,76,69,31,2,86,65,89,1,26,33,39,2,76,87,70,2,77,75,71,2,74,64,83,2,84,70,86,1,79,26,83,2,73,81,72,2,37,71,65,2,79,66,85,2,77,62,82,1,32,33,74,2,76,65,84,2,30,75,69,1,76,21,66,2,69,75,63,1,22,21,97,2,77,69,83,2,64,63,71,1,64,31,70,1,69,17,79,1,75,24,73,2,76,91,82,1,38,40,71,2,75,67,86,1,70,28,84,2,72,87,72,1,35,25,36,1,75,16,82,2,72,81,29,1,68,38,65,2,65,75,68,2,74,65,93,1,35,29,79,1,70,28,63
2,65,92,61,2,91,93,90,2,85,100,84,2,65,86,66,1,70,0,72,1,76,19,76,2,56,66,56,2,66,86,70,2,42,82,46,1,86,25,72,2,91,96,92,2,70,92,71,1,88,19,82,2,82,84,78,2,71,94,73,2,66,75,63,2,71,80,74,1,92,6,89,2,62,88,65,2,81,84,80,1,94,44,46,1,86,12,74,2,73,86,74,1,46,29,45,1,30,11,24,2,71,91,73,2,81,82,80,1,29,20,28,2,37,55,56,1,60,0,60,2,82,100,89,1,72,0,72,1,61,0,60,2,70,78,72,2,81,86,80,2,90,100,93,1,71,20,70,2,88,95,90,2,72,95,74,1,41,20,42,2,62,70,66,1,19,0,19,1,55,14,57,2,91,100,96,2,76,77,76,1,11,0,11,1,66,18,64,1,44,44,44,1,60,18,60,2,86,95,90
1,64,45,62,1,63,42,60,2,42,62,61,2,60,62,72,1,60,45,35,2,82,67,35,1,37,47,63,1,72,48,81,1,67,47,70,2,64,57,39,2,37,55,59,2,61,56,64,1,61,41,62,2,35,63,66,2,66,62,31,1,61,44,67,1,71,45,76,1,22,45,72,1,26,40,71,1,68,22,73,2,32,78,78,1,62,33,68,1,65,30,74,2,26,77,68,1,41,0,67,1,35,43,63,1,73,38,66,1,69,28,63,1,68,27,63,1,69,17,75,1,63,20,60,1,21,38,68,1,64,28,72,1,31,20,77,2,68,85,74,2,33,71,34,1,77,25,78,2,83,75,81,1,36,29,84,2,74,73,27,1,32,36,72,2,69,79,70,1,75,36,78,2,38,73,36,2,67,80,70,2,66,84,74,1,34,26,42,2,66,72,33,2,76,79,14,2,38,65,32
1,25,11,29,2,89,90,77,2,95,99,96,2,80,100,82,1,62,12,60,2,91,100,81,1,62,8,65,2,69,60,63,1,60,0,67,2,40,75,45,2,75,55,62,2,76,100,66,2,65,52,55,2,60,60,55,1,40,45,44,2,62,55,66,2,70,62,66,2,62,53,58,1,41,47,41,2,82,86,71,2,68,57,70,2,60,57,65,1,67,43,55,1,70,48,56,2,40,60,45,2,67,60,41,2,80,89,70,2,90,75,79,1,57,48,56,2,95,87,70,2,75,73,61,1,80,35,60,2,40,55,47,1,35,20,66,2,76,65,54,2,60,54,62,2,86,78,76,2,67,54,60,2,55,60,49,1,44,47,56,2,45,57,46,2,95,88,80,2,95,78,70,1,40,45,58,2,70,57,68,1,45,47,47,2,96,91,80,1,47,36,48,1,60,45,60,2,66,70,67
2,61,75,65,1,70,0,60,2,70,55,70,2,70,60,70,1,10,0,10,2,80,70,70,1,30,20,10,1,10,0,5,1,30,40,20,2,65,80,75,2,70,70,70,2,60,65,60,2,82,90,75,2,65,75,71,1,29,39,28,1,39,41,36,1,70,25,66,1,45,38,45,1,35,20,30,2,65,81,70,2,66,76,69,2,80,88,86,2,58,70,64,2,55,89,61,1,41,30,34,1,63,0,67,2,66,77,69,2,82,82,95,1,25,12,19,2,71,100,72,2,75,100,70,1,97,0,97,2,74,89,79,2,51,50,51,2,68,55,74,2,77,71,72,2,77,86,79,2,84,67,75,2,76,89,67,2,70,78,72,2,78,72,82,2,60,54,58,2,78,57,77,2,76,100,86,2,64,56,61,1,21,13,20,1,73,0,69,2,62,83,66,2,72,73,72,2,72,80,74
2,63,57,35,2,55,75,51,2,57,75,51,2,67,71,72,2,63,57,64,2,60,64,65,2,51,51,51,2,51,51,51,2,61,60,61,2,59,61,62,2,70,66,66,2,85,84,84,1,51,0,36,2,71,51,51,2,51,63,54,1,25,30,38,2,51,51,51,2,84,87,74,1,0,0,0,2,56,57,61,2,51,51,51,2,63,66,66,1,45,47,41,1,61,45,59,1,5,8,0,1,46,46,51,2,62,63,59,1,9,8,10,2,51,51,51,2,72,74,78,2,99,94,96,2,64,50,67,2,70,73,76,2,86,87,88,2,74,76,77,2,61,55,57,2,62,72,67,2,95,51,78,2,84,86,85,1,14,4,9,2,81,84,85,2,61,63,65,1,18,13,13,2,69,67,70,1,15,20,21,1,25,25,26,2,81,84,85,1,15,13,14,1,34,36,38,2,72,71,70
1,19,0,21,1,10,5,5,2,93,100,90,2,100,100,100,2,100,88,100,2,95,92,100,1,26,13,19,1,42,13,25,1,36,24,29,2,70,94,84,2,75,96,80,2,51,64,63,1,35,15,26,2,52,83,67,2,72,93,79,1,35,23,10,1,3,28,11,1,27,13,0,1,9,0,3,1,30,24,37,2,69,80,81,1,32,22,37,1,15,0,17,2,75,90,90,1,21,22,4,1,23,32,14,1,14,1,6,2,91,83,100,1,21,8,23,1,11,25,21,1,38,16,29,2,82,75,91,1,37,20,33,1,34,19,0,2,75,88,90,2,78,91,77,1,27,26,11,1,25,11,25,2,73,96,94,2,82,90,79,1,30,41,28,1,38,19,31,1,0,0,0,2,86,96,93,1,7,25,4,1,5,0,18,2,83,98,78,2,93,82,94,1,22,10,7,2,73,95,92
2,51,51,51,1,19,21,19,1,51,26,28,1,29,24,26,2,33,58,30,1,51,0,51,1,51,0,51,1,0,0,0,2,99,100,100,2,100,100,100,2,100,100,100,2,100,100,100,2,100,100,100,2,51,100,51,1,51,0,51,2,51,51,51,2,51,51,51,1,51,0,51,1,51,0,51,1,51,0,51,2,51,51,52,2,51,51,51,2,51,51,52,2,51,51,52,2,51,51,51,2,52,51,51,2,51,51,51,2,51,51,51,2,51,51,51,1,51,0,51,2,51,51,49,2,51,51,51,2,51,51,51,2,51,51,51,1,51,0,51,2,51,51,51,2,51,51,51,1,51,0,51,2,51,51,51,2,51,51,51,2,51,51,51,1,0,0,0,2,51,51,51,2,51,51,51,2,51,51,51,1,51,0,51,2,51,51,51,2,51,51,51,1,51,0,51,1,51,0,51
2,66,76,56,2,65,58,82,1,55,45,73,1,64,44,78,2,60,64,77,2,60,64,88,2,65,87,63,2,63,71,77,2,60,81,62,1,63,37,39,1,63,43,66,2,65,90,75,2,70,85,84,2,64,80,81,2,69,82,41,1,65,44,62,2,65,65,45,2,74,58,68,2,65,86,78,2,68,86,70,2,71,88,69,2,73,71,97,2,40,65,71,2,58,81,42,2,66,53,83,2,67,87,44,2,73,65,88,2,77,89,72,2,72,85,71,2,70,85,73,2,63,62,81,1,60,41,70,1,65,47,69,2,65,57,83,2,59,76,64,2,66,86,46,1,69,47,75,1,67,47,65,1,66,46,67,2,66,60,90,2,62,84,68,1,66,43,72,2,66,88,42,1,67,37,72,1,60,40,63,1,64,49,65,1,65,46,71,2,63,90,80,2,62,81,61,2,45,61,45
2,100,100,100,2,100,100,100,2,100,100,100,2,100,100,100,2,100,100,100,2,100,100,100,2,100,100,100,1,100,0,100,2,100,100,100,2,100,100,100,2,100,100,100,2,100,100,100,1,100,0,100,2,100,100,100,2,100,100,100,1,100,0,95,1,100,0,100,1,100,0,100,1,100,0,100,1,100,0,100,2,100,100,100,1,100,0,100,2,100,100,100,2,100,100,100,2,55,77,80,1,100,0,95,1,95,0,87,1,98,1,85,1,80,4,85,1,93,0,88,1,91,3,75,1,100,4,89,1,100,1,88,1,100,0,84,2,100,100,100,2,100,100,100,1,100,0,100,1,98,0,97,2,100,100,100,2,100,100,100,1,100,0,100,1,100,2,87,1,98,4,81,2,100,100,100,1,100,0,100,1,100,0,100,1,99,3,98,2,100,100,100,1,100,0,95,2,100,100,100
2,79,76,78,2,70,69,83,2,63,72,79,2,78,81,92,2,72,74,83,2,70,69,87,2,89,86,88,2,89,87,90,2,81,83,91,2,71,86,89,2,80,86,87,2,75,75,79,2,80,82,81,2,76,78,83,2,83,83,83,2,72,80,83,2,78,81,80,2,76,78,79,2,78,78,85,2,71,77,85,2,80,81,84,2,84,96,94,2,89,93,91,2,83,82,68,2,85,87,85,2,75,85,84,2,84,84,87,2,84,88,83,2,77,69,79,2,82,78,84,2,81,83,88,2,80,91,87,2,80,80,79,2,76,84,88,2,84,83,77,2,86,85,83,2,83,97,98,2,87,85,86,2,77,78,87,2,73,82,83,2,79,82,79,2,93,95,97,2,94,93,99,2,87,88,91,2,93,90,94,2,82,89,93,2,84,89,90,2,85,88,90,2,83,88,89,2,79,81,84
2,34,76,40,2,72,95,67,2,85,98,92,2,69,87,61,1,55,0,41,2,71,90,57,1,40,23,19,2,43,82,57,1,45,29,13,2,74,81,75,2,93,95,83,2,58,97,33,1,82,10,39,2,80,96,61,1,36,50,29,1,31,40,50,1,74,40,30,1,88,10,42,2,71,51,20,2,85,65,71,2,92,98,84,1,91,15,47,1,84,30,61,2,50,50,61,1,86,5,36,2,80,51,41,1,82,1,33,1,75,1,38,1,51,50,17,1,60,5,20,2,77,91,68,1,85,1,55,2,60,51,25,2,76,66,34,2,66,60,41,2,81,95,71,1,81,2,45,2,90,75,58,2,71,51,33,1,56,49,50,1,45,45,28,2,60,55,40,1,67,10,47,2,82,90,64,2,70,52,51,1,69,26,33,1,75,10,40,2,62,55,40,1,70,40,46,2,61,74,45
1,60,33,55,2,85,65,75,1,34,44,39,2,91,96,92,1,19,0,29,2,81,72,88,1,24,0,16,1,40,0,35,1,14,0,25,2,75,76,82,2,99,100,97,2,96,100,82,1,87,35,59,2,70,55,66,2,87,80,85,2,72,84,64,1,46,49,58,1,62,0,79,2,74,56,68,1,74,0,73,1,62,39,57,2,70,65,80,2,92,96,86,1,56,46,40,2,23,82,41,1,40,47,43,2,77,85,66,1,66,10,65,1,5,0,25,1,83,0,62,2,95,100,87,1,55,0,71,1,57,23,58,1,27,38,44,2,71,66,75,2,63,54,70,2,92,98,89,1,87,0,29,2,94,100,92,2,55,82,66,1,43,43,57,2,61,75,67,1,30,20,38,2,95,97,92,1,22,45,38,1,25,0,20,2,55,61,72,1,45,36,31,2,77,90,77,2,71,94,79
2,93,96,99,2,95,100,96,2,99,100,100,2,97,96,91,2,99,92,99,2,99,99,94,1,2,1,94,1,1,2,98,2,97,98,98,2,98,99,99,1,1,2,97,2,97,100,98,2,100,99,100,1,1,1,100,2,95,99,98,1,1,1,97,2,98,98,98,2,100,99,98,2,98,99,97,1,4,1,100,2,97,99,97,1,3,1,99,2,96,99,100,2,100,98,100,1,0,1,99,1,0,0,100,2,94,98,97,1,0,0,98,1,1,0,99,2,99,100,100,1,3,3,98,2,100,100,98,1,2,1,100,1,2,1,100,2,96,100,100,2,98,100,99,2,99,98,99,2,99,100,100,1,1,1,96,2,97,99,98,2,99,100,98,2,100,98,99,2,98,99,99,2,98,100,100,1,2,1,98,2,98,99,98,1,2,2,97,2,95,96,99,2,98,99,98,1,3,0,100
2,100,100,100,1,58,0,64,2,68,100,79,2,71,77,71,1,80,0,81,2,84,100,85,1,31,33,50,1,26,50,50,1,63,0,62,2,90,100,94,2,81,100,82,2,61,100,71,1,19,0,23,2,71,100,74,2,82,100,84,1,68,0,32,1,69,0,73,1,24,0,29,2,49,51,51,2,65,58,66,2,85,100,78,1,75,0,34,1,66,0,82,2,84,100,85,1,40,0,33,2,63,50,63,2,77,60,65,1,69,0,62,2,63,50,62,1,32,0,43,2,65,66,62,1,22,0,49,1,35,0,43,2,58,51,51,2,85,100,85,2,77,77,79,1,60,0,60,1,70,0,38,2,74,100,70,2,81,100,69,2,75,95,87,1,13,0,24,1,29,0,30,2,64,67,75,1,27,0,48,1,29,0,30,1,31,0,37,2,84,100,56,2,84,100,72,2,77,100,84
2,84,83,77,2,74,77,85,2,81,76,86,2,70,79,73,2,82,74,82,2,78,72,86,2,78,86,78,1,81,46,88,1,71,46,65,1,71,47,71,2,67,56,77,2,68,76,69,2,72,65,85,2,71,85,70,1,69,48,84,2,72,82,73,2,67,52,78,2,74,68,81,2,76,71,86,1,67,45,81,2,64,55,77,2,73,57,80,2,71,56,76,2,73,61,82,1,65,48,74,2,67,78,62,2,70,54,79,2,67,56,70,2,91,54,79,1,82,48,80,2,72,57,80,2,73,54,92,2,71,54,91,2,71,54,93,2,72,55,81,2,72,55,86,2,68,54,86,1,73,48,85,2,65,54,75,2,62,53,76,2,73,53,92,1,66,49,95,2,75,53,78,1,67,48,82,2,78,54,92,2,76,56,89,2,82,55,75,2,65,53,85,2,71,53,86,2,61,54,87
2,62,99,78,2,31,90,71,1,88,24,69,2,75,100,84,1,64,0,56,1,85,20,75,2,28,86,35,2,25,73,31,2,85,100,63,1,74,8,74,2,84,100,91,2,77,90,67,1,84,0,80,2,63,82,33,2,78,93,65,2,68,91,44,1,84,0,68,1,92,0,77,2,76,94,80,2,89,98,73,2,86,100,90,2,92,94,29,2,72,87,31,1,73,18,43,2,80,100,70,2,35,94,54,2,93,100,87,1,79,0,84,2,65,94,59,1,79,0,37,2,74,86,76,1,87,0,83,2,84,100,70,2,55,86,75,2,74,100,67,1,89,33,66,2,79,100,54,1,84,0,80,2,62,92,80,2,45,93,44,2,61,88,22,2,83,93,84,2,90,100,63,2,89,100,87,2,73,97,82,1,77,0,72,1,84,0,68,2,77,96,55,1,72,13,32,2,57,90,69
1,29,29,76,2,90,88,87,2,92,93,97,2,81,96,95,2,87,77,87,2,86,89,87,2,82,93,92,2,91,94,94,2,95,90,97,2,93,91,89,2,92,90,92,2,92,96,94,2,94,90,93,2,93,97,95,2,89,93,93,2,84,91,89,2,83,70,74,2,78,79,85,2,78,80,81,1,75,11,89,2,90,93,90,2,95,88,96,2,95,97,97,2,87,90,95,1,86,29,69,2,84,86,93,2,91,91,89,2,84,92,93,1,76,28,66,2,87,89,95,2,91,95,97,2,92,88,84,2,92,95,93,2,91,98,95,2,89,90,91,2,89,97,97,2,78,92,95,2,96,92,93,2,89,87,95,2,96,93,96,2,91,95,97,1,82,20,84,2,89,98,96,2,96,87,95,2,89,98,97,1,87,26,89,2,89,94,95,2,91,97,96,2,98,99,97,2,91,91,96
2,69,81,82,2,86,87,84,2,94,93,90,2,84,89,72,1,15,3,15,2,85,94,83,1,10,2,15,1,24,7,21,1,30,4,41,2,63,69,73,2,88,96,85,2,74,88,66,2,95,98,95,2,67,81,60,1,30,39,29,1,18,16,26,1,24,32,30,1,10,0,13,1,15,6,17,1,32,27,31,2,90,96,89,2,60,56,62,1,37,45,37,1,37,41,30,1,27,33,37,1,14,4,24,2,72,83,77,1,36,43,36,1,20,1,13,1,24,14,26,2,79,94,79,1,22,45,24,1,37,44,36,1,11,3,17,2,87,93,86,1,24,43,23,2,81,96,92,2,75,85,76,2,72,64,72,1,20,5,22,1,23,40,26,1,18,44,18,1,8,3,9,2,95,98,95,1,17,9,18,1,5,1,10,1,21,40,24,1,11,31,20,1,31,47,31,2,79,88,83
2,62,66,19,1,27,22,67,1,71,47,48,1,31,28,70,2,27,79,17,1,34,5,17,2,35,73,71,1,68,40,69,2,37,53,84,1,53,17,38,2,87,73,73,1,37,21,27,2,68,52,54,1,73,35,22,1,59,44,82,1,80,26,58,2,52,54,22,1,70,39,55,1,67,39,61,1,70,23,64,1,78,38,31,1,64,14,40,1,67,14,78,2,41,75,42,2,52,65,87,2,34,55,82,2,58,57,36,2,63,81,67,2,57,87,84,2,78,57,86,1,65,18,72,2,64,67,72,2,64,70,70,2,68,58,82,1,15,21,55,1,72,23,74,2,56,74,52,1,23,22,72,1,74,32,73,1,61,37,35,1,65,29,54,1,24,21,29,1,71,48,30,2,70,54,35,2,63,58,54,1,65,47,53,1,63,31,45,1,64,48,82,1,67,43,67,1,62,35,63
2,68,58,62,2,72,74,65,2,62,57,59,1,43,31,35,1,28,24,31,2,56,64,61,1,32,27,30,1,28,26,29,1,41,35,38,2,53,53,71,1,42,42,43,2,53,57,56,1,45,27,34,2,53,56,55,2,52,53,54,1,46,41,37,2,55,60,60,1,33,39,34,2,57,59,58,2,58,58,57,1,44,39,37,2,59,63,65,2,61,62,62,2,55,55,56,1,31,30,27,2,61,64,61,2,55,54,56,1,25,19,21,2,60,57,60,2,59,60,61,2,72,78,75,1,21,13,21,1,42,0,42,2,59,63,59,1,36,32,31,1,42,44,43,1,37,6,35,2,59,64,63,2,59,59,61,1,40,19,33,2,63,61,57,1,27,25,28,1,34,25,31,2,69,64,67,1,41,14,28,1,24,19,25,2,60,66,56,2,56,59,62,1,38,34,34,2,59,59,59
2,80,74,67,2,94,100,94,2,85,96,79,2,90,100,91,1,32,25,54,2,72,76,65,1,28,17,25,2,52,51,43,1,13,0,34,2,89,74,71,2,89,100,93,2,53,51,35,1,31,2,20,2,44,54,44,1,33,32,39,2,37,84,38,1,20,0,32,1,38,22,43,1,25,13,21,2,76,65,58,2,91,100,91,2,65,54,68,1,32,18,24,2,86,97,67,1,24,0,45,1,41,38,27,2,68,61,54,1,29,0,37,1,43,38,35,1,36,6,53,2,75,69,55,1,93,0,20,1,63,0,32,1,33,23,34,2,76,95,81,1,31,20,45,1,34,28,41,2,74,61,78,2,86,100,82,2,71,70,73,2,51,50,38,1,23,0,31,2,87,85,90,2,58,51,43,2,39,70,37,1,33,12,21,1,68,0,33,1,23,13,23,2,73,51,65,2,44,50,55
1,82,10,91,2,90,91,90,2,88,90,92,2,92,92,92,2,91,91,93,2,91,91,92,2,91,92,92,2,92,91,97,2,89,91,92,2,92,91,92,2,90,92,91,2,90,90,91,2,91,91,91,2,91,91,91,2,79,80,81,2,82,82,89,2,84,87,88,2,86,86,83,2,84,87,90,2,88,89,88,2,81,84,90,2,84,87,87,2,88,88,89,2,85,86,87,2,90,92,92,2,89,90,90,2,90,90,90,2,90,90,91,2,91,91,91,2,87,89,92,2,87,90,91,2,89,90,92,2,90,91,91,2,90,90,91,2,88,89,90,2,90,91,92,2,90,90,91,2,91,91,92,2,89,92,92,2,87,88,90,2,91,91,91,2,91,92,92,2,92,92,92,2,92,92,93,2,90,91,93,2,89,92,92,2,91,90,92,2,92,91,92,2,87,88,89,2,89,87,91
2,92,100,95,2,95,100,95,2,90,100,90,2,90,100,90,1,75,0,75,2,90,100,90,1,30,0,30,2,90,100,91,1,15,6,20,2,91,100,90,2,90,95,90,2,92,100,90,2,92,100,94,2,93,100,96,2,91,95,95,1,30,7,30,1,71,0,71,2,91,100,91,1,60,10,70,2,91,97,93,2,93,99,96,2,92,98,96,1,76,18,63,2,85,85,89,1,70,19,80,1,81,28,83,2,92,98,94,1,70,0,89,1,73,1,89,2,96,98,95,1,80,0,90,1,85,0,84,2,89,95,91,2,87,90,90,2,85,92,91,2,92,100,91,2,95,100,96,2,97,100,98,2,90,100,96,2,90,100,96,2,93,95,95,1,53,0,81,1,76,0,88,2,90,100,93,2,83,95,93,1,68,0,60,1,61,8,88,1,63,15,65,1,48,25,43,2,90,94,93
1,19,16,16,1,14,15,16,2,87,88,89,2,85,88,89,1,1,8,7,2,87,92,90,1,9,11,13,1,9,9,9,1,10,9,10,2,90,90,91,2,92,92,95,2,91,90,86,1,12,13,13,2,91,94,95,2,93,82,92,1,5,7,9,1,9,10,10,1,5,4,5,1,0,3,5,1,4,7,3,2,95,93,95,1,5,2,3,1,4,3,3,2,95,91,95,1,3,5,5,1,2,1,4,1,3,4,1,1,1,2,2,1,3,1,4,1,6,7,9,1,28,35,30,1,10,10,9,1,12,15,21,1,9,18,9,2,79,90,80,2,89,80,88,1,5,9,14,1,12,14,9,2,89,93,92,2,90,91,91,1,10,9,11,1,5,17,8,1,8,9,11,1,8,10,8,1,9,9,7,2,90,70,82,1,12,16,10,1,11,10,7,1,9,8,8,2,65,69,76
2,80,90,75,1,30,5,45,2,85,100,71,2,70,95,80,1,14,0,25,2,85,98,90,1,10,14,5,2,50,80,35,1,10,1,29,2,60,76,45,2,81,86,69,2,94,99,92,1,40,1,30,2,79,95,66,2,62,76,54,1,45,0,40,2,69,94,60,2,55,75,60,2,54,96,45,2,60,70,50,2,70,75,65,2,74,88,79,2,75,90,68,2,65,75,60,1,35,0,30,2,65,70,50,1,35,0,30,1,24,0,30,1,44,20,34,2,65,73,57,2,80,96,87,1,25,0,17,1,44,4,42,2,55,86,63,2,59,70,63,1,45,16,34,1,47,17,36,2,70,85,76,2,73,96,83,1,44,24,41,1,47,36,49,2,76,94,81,1,19,6,20,2,85,97,92,2,64,100,69,1,11,0,16,2,61,71,56,2,79,91,85,2,66,77,71,2,82,96,75
1,50,50,55,2,65,75,60,2,85,100,76,2,80,70,70,2,90,85,80,2,85,100,81,1,40,50,40,1,40,40,50,1,40,45,40,2,86,100,85,2,70,75,70,2,75,80,79,2,95,100,90,2,75,85,80,2,55,65,54,2,50,50,51,2,60,84,60,2,80,90,86,1,30,0,10,2,50,50,50,2,90,100,85,2,75,100,81,2,95,100,93,2,70,100,60,1,21,30,19,1,50,40,50,2,70,80,71,2,90,100,90,2,55,76,70,2,50,70,61,2,75,100,76,2,90,100,95,2,70,90,75,2,50,85,60,2,80,100,70,2,65,70,70,2,84,100,85,2,65,90,75,2,50,91,54,2,55,50,50,2,40,51,50,2,70,80,76,1,35,20,40,2,65,100,80,2,55,70,60,1,40,40,45,2,90,100,94,2,60,75,60,2,55,100,60,1,40,50,50
2,69,70,66,2,91,91,72,2,71,90,73,2,90,99,85,1,30,9,27,2,82,98,68,1,40,5,20,1,29,18,20,1,20,27,19,2,87,100,86,2,91,100,85,2,61,80,66,1,18,4,17,2,85,93,66,2,57,86,55,1,21,14,26,1,34,2,35,1,43,7,39,1,13,1,19,1,39,4,35,2,89,97,84,1,31,1,23,1,19,7,17,2,93,98,89,1,24,3,38,1,20,10,39,1,33,12,24,1,36,7,44,1,34,24,45,1,32,2,8,1,15,7,17,1,67,7,55,1,23,10,45,1,37,11,42,2,58,96,58,2,90,97,90,1,41,9,40,1,55,7,56,2,59,97,56,2,85,98,75,1,44,5,46,1,56,3,56,1,39,0,18,2,82,96,85,1,24,4,14,1,58,2,47,1,31,2,45,2,71,93,69,1,35,7,18,2,89,97,68
1,20,30,50,2,76,80,70,2,60,60,66,1,10,10,20,1,10,0,5,2,70,80,72,1,50,50,50,1,51,50,51,1,40,40,40,2,74,61,60,1,50,50,50,2,80,75,77,2,50,50,58,2,80,85,80,2,82,85,85,1,50,50,50,2,70,70,70,1,69,50,72,2,50,50,50,2,50,50,50,2,74,77,76,2,80,79,80,2,75,77,80,2,80,80,82,1,29,32,35,2,50,50,50,2,50,50,50,1,60,40,60,2,50,50,50,2,58,66,66,2,80,80,80,1,50,35,49,2,50,64,50,1,50,50,50,2,77,66,67,2,50,50,50,1,50,40,50,2,70,70,70,2,57,71,65,2,51,61,61,2,64,69,67,2,69,68,70,2,73,73,73,2,75,75,77,2,70,71,71,1,43,41,42,2,71,71,72,2,59,61,62,2,50,63,64,2,50,50,51
2,64,92,71,2,74,86,74,2,86,96,87,2,60,75,67,1,38,20,48,2,82,64,85,1,45,12,40,1,50,50,38,2,91,76,69,1,63,36,74,2,92,80,87,2,59,83,51,2,98,94,89,2,77,86,62,2,66,61,49,2,62,82,59,1,82,35,42,2,89,71,75,1,18,45,45,2,95,92,88,2,96,97,84,2,93,89,95,2,85,82,81,2,70,79,59,2,93,69,75,1,27,46,23,2,96,80,86,2,96,96,79,1,37,41,24,2,78,81,75,2,95,73,79,1,61,14,51,2,98,100,88,1,33,50,15,2,100,99,90,2,93,97,87,2,86,95,78,1,60,0,61,2,75,82,56,1,46,24,39,2,58,67,46,1,41,13,18,1,30,0,17,2,91,76,69,1,4,48,36,1,40,50,49,2,94,97,86,1,13,24,31,2,99,95,95,1,31,44,28
1,70,0,70,1,90,0,90,2,90,100,90,2,90,100,90,1,70,0,60,2,90,100,90,1,80,0,80,1,90,0,90,1,50,0,50,2,90,100,90,2,90,100,90,2,75,100,75,1,80,0,80,2,50,100,50,2,80,100,80,1,50,0,50,1,50,0,50,1,70,0,70,1,50,50,50,1,50,0,50,2,90,100,90,1,75,0,75,1,95,0,95,2,50,100,50,1,25,0,40,1,50,30,50,1,50,50,50,1,80,0,80,1,50,50,50,1,80,0,80,1,90,0,90,1,30,0,30,1,70,0,70,1,50,49,50,2,80,51,80,2,91,100,91,2,80,100,80,1,51,0,50,2,51,50,50,2,50,100,50,1,50,48,50,1,30,0,30,1,19,0,20,2,51,100,50,2,51,51,51,1,29,0,29,1,80,0,81,2,50,51,51,1,50,0,50,2,51,51,51
2,67,100,75,2,80,100,91,2,94,100,95,2,80,86,90,2,88,100,90,2,90,100,90,1,80,20,60,2,65,50,65,1,30,0,30,2,100,94,91,2,90,95,95,2,85,75,76,2,95,100,94,2,93,100,94,2,90,100,89,1,55,50,77,2,92,100,95,2,91,100,89,1,40,10,30,2,92,100,87,2,95,100,91,2,94,100,95,2,91,100,92,1,51,50,39,2,87,100,89,2,53,70,52,2,81,93,86,1,81,17,46,1,52,48,50,1,67,50,60,2,78,72,80,2,93,50,91,2,96,100,90,2,77,79,90,2,95,100,95,2,87,50,55,2,93,100,92,2,96,100,96,2,94,100,94,2,81,50,71,2,82,50,83,2,81,100,88,1,55,0,35,2,87,83,73,1,62,50,40,1,42,28,39,2,95,100,90,2,68,89,82,2,92,97,89,2,93,100,85
2,52,51,51,1,51,45,49,2,61,58,51,2,68,73,71,2,57,57,62,1,53,44,51,1,52,43,49,2,53,57,59,1,42,42,39,1,42,42,43,2,65,82,82,1,34,37,37,1,41,41,43,1,40,40,38,1,56,32,39,2,61,64,64,2,65,68,73,2,62,62,64,1,43,39,40,2,59,63,67,2,67,68,69,1,36,35,42,1,40,43,39,1,36,36,38,1,36,41,40,1,30,29,32,1,40,38,39,1,33,30,37,2,61,59,62,1,26,26,26,2,76,67,69,2,67,69,79,1,32,31,37,1,27,30,30,2,72,75,70,1,26,39,42,1,33,39,45,2,65,65,69,2,66,71,69,1,34,3,8,1,36,26,40,1,19,17,20,2,73,79,80,2,88,95,97,1,21,25,23,1,1,5,6,2,74,86,87,1,29,30,15,1,20,24,26,1,23,20,21
1,50,45,50,1,75,0,25,2,80,100,80,2,70,50,60,2,95,95,85,2,85,70,75,1,50,50,40,1,45,50,45,1,45,45,55,2,75,95,80,2,80,75,75,2,80,75,75,2,75,75,85,1,70,40,60,2,40,70,50,1,40,50,50,1,51,50,60,1,75,50,65,1,50,50,40,2,75,80,75,2,85,100,90,1,90,0,85,1,50,30,50,2,65,65,55,1,35,50,45,2,50,60,45,2,75,70,75,1,90,25,75,2,40,50,50,2,60,50,50,2,65,50,70,2,95,100,95,2,75,80,70,1,75,50,75,2,80,50,75,2,75,50,70,2,90,95,90,2,85,50,80,2,50,50,60,2,30,50,40,2,50,50,55,2,85,50,85,1,90,50,90,2,90,85,85,1,50,50,60,1,25,50,35,1,15,0,75,1,40,50,45,1,65,39,70,2,50,50,50
2,83,75,89,2,94,89,95,2,96,88,93,2,56,64,83,1,61,28,33,2,85,92,72,1,23,42,37,1,15,27,56,1,53,36,70,2,80,92,85,2,88,96,92,2,76,80,92,1,25,38,15,2,88,69,76,2,84,92,75,2,57,61,34,2,61,71,64,1,66,8,24,2,74,82,69,2,60,78,70,2,86,65,73,1,66,16,25,2,72,55,66,2,87,63,74,1,76,18,34,1,90,0,58,2,70,82,74,1,40,16,23,1,11,28,38,1,58,25,61,2,84,66,73,1,15,0,13,2,72,61,67,1,56,21,46,2,62,55,68,2,61,74,68,2,69,82,67,1,82,13,21,2,93,87,96,2,83,71,83,1,45,25,46,2,46,61,37,1,3,15,11,2,89,94,88,1,52,32,40,1,24,36,38,1,14,28,19,2,60,70,61,2,57,53,57,2,87,96,89
1,30,0,26,2,55,55,40,2,90,95,70,2,70,70,60,2,70,80,70,2,80,85,70,1,40,30,40,1,20,22,10,1,10,0,10,2,90,90,82,2,60,55,50,2,55,52,50,2,95,100,85,2,80,80,70,1,40,30,30,1,40,45,30,2,60,55,52,2,90,90,80,1,20,30,30,1,40,0,40,2,90,90,82,2,70,60,60,2,80,85,72,1,30,20,30,2,60,55,55,1,30,44,38,2,61,55,54,2,70,65,66,1,40,47,33,1,32,44,35,1,30,48,40,2,90,90,80,2,60,55,56,1,40,47,37,2,60,58,52,2,70,67,60,2,70,67,70,2,80,75,70,1,40,47,35,1,20,20,26,2,60,55,56,1,20,17,27,1,10,10,20,2,85,81,75,1,40,47,41,1,30,35,30,2,71,65,61,1,30,30,35,2,60,56,55,1,40,47,36
2,96,100,88,2,89,80,93,2,89,88,83,2,96,92,89,1,65,50,82,2,31,83,21,1,53,44,66,1,52,36,32,2,89,86,84,2,98,99,94,2,98,85,91,2,90,82,88,2,90,85,85,2,85,83,85,2,93,95,90,2,92,99,93,2,95,97,92,1,14,29,41,2,90,95,84,2,87,91,66,2,88,89,86,2,91,92,86,2,84,76,93,2,92,95,87,2,76,86,84,2,90,74,90,2,85,85,76,1,18,35,54,2,80,84,84,2,91,91,96,2,82,89,83,1,27,36,37,2,81,95,100,2,82,92,91,2,84,92,89,2,92,83,100,2,90,90,90,2,88,86,87,2,88,97,73,2,92,90,94,2,87,93,98,2,86,86,77,2,83,97,80,2,91,87,86,2,85,77,89,1,23,38,42,2,93,92,89,2,84,81,71,2,89,67,70,2,86,83,82
2,88,88,85,2,91,89,88,2,100,100,94,2,100,100,92,1,13,11,17,2,98,98,89,1,35,34,81,2,80,80,80,1,17,16,86,2,94,91,87,2,93,91,86,2,84,84,77,2,89,86,84,2,71,72,67,2,94,90,81,2,90,88,82,2,93,91,88,2,86,85,84,2,89,85,85,2,90,87,88,2,89,88,87,2,91,90,90,2,95,94,88,2,90,90,85,2,92,89,85,2,91,89,85,2,93,89,88,1,1,1,90,2,89,78,77,1,28,28,70,2,98,97,96,1,9,10,80,2,91,91,89,1,12,13,77,2,82,82,82,2,89,88,89,2,93,93,92,1,23,25,77,2,87,85,83,1,21,23,80,2,83,81,82,2,93,93,89,1,9,10,78,2,86,84,84,1,30,30,79,1,32,32,80,1,8,8,90,1,21,21,85,1,24,24,82,2,92,92,91
2,24,57,42,1,54,0,52,2,63,51,60,2,63,84,63,1,33,0,38,2,60,56,58,1,33,0,38,2,59,59,60,1,35,0,39,1,57,46,55,2,70,73,66,2,72,73,63,1,40,0,43,2,61,58,55,2,63,100,58,1,39,13,43,1,57,0,56,1,64,0,58,1,63,0,61,1,50,28,50,2,69,100,63,1,50,0,49,1,58,42,57,2,55,63,52,1,23,0,32,1,58,41,54,2,70,74,61,1,57,27,52,1,39,0,45,1,43,0,47,2,60,85,59,1,51,0,51,2,59,88,57,1,59,0,59,2,57,100,56,2,62,74,58,2,63,79,56,1,53,0,55,2,68,100,65,1,48,46,49,1,58,41,59,2,70,77,67,1,37,0,43,2,75,90,71,1,68,3,61,1,36,0,41,1,61,0,56,2,64,74,61,2,70,61,65,2,68,74,61
2,95,100,95,1,100,5,10,2,90,100,87,2,10,50,85,1,0,0,30,2,100,100,95,2,60,50,72,2,100,50,95,1,40,0,45,2,90,80,100,2,100,70,90,2,90,70,80,2,95,70,90,2,90,100,94,2,72,82,63,2,61,71,65,2,95,60,81,1,92,45,71,2,81,95,19,2,96,86,82,2,90,87,98,1,95,10,92,2,92,76,97,1,82,30,65,2,81,65,88,2,36,92,20,2,91,81,85,1,80,49,92,2,71,60,71,2,87,76,92,2,96,92,81,1,40,2,71,2,96,55,40,1,45,40,20,2,90,82,71,2,92,81,96,2,91,80,91,2,98,100,96,2,87,85,71,1,46,45,61,2,82,88,91,2,96,91,81,2,92,65,92,2,95,92,85,1,81,45,61,1,40,47,65,2,91,72,81,2,70,60,76,1,45,30,40,2,95,85,92
2,38,70,40,1,47,10,43,2,78,51,63,2,51,96,40,1,26,2,28,2,71,52,68,1,9,2,21,1,19,9,25,1,24,0,14,2,80,51,66,2,83,93,82,2,72,71,66,1,43,0,36,2,68,62,66,2,73,81,73,2,62,61,64,1,52,14,51,1,42,2,37,1,25,8,30,2,80,82,82,2,86,90,85,1,49,1,47,1,39,0,39,2,57,90,69,1,65,3,56,1,34,2,41,1,50,15,42,1,59,4,61,1,28,0,22,1,37,40,40,1,37,3,37,1,23,0,16,1,43,0,32,1,45,18,32,2,62,100,55,2,68,90,43,1,50,3,31,1,29,6,27,2,69,95,54,2,51,96,31,1,60,1,26,2,50,51,37,1,27,0,15,2,82,97,56,1,29,1,24,1,37,0,29,1,56,1,37,2,50,81,46,1,47,0,34,2,51,88,28
1,50,8,79,1,88,9,87,2,99,100,86,1,78,17,59,2,88,86,87,2,80,78,81,1,67,23,68,1,64,43,70,1,87,13,69,2,77,86,83,2,73,88,67,1,23,31,64,2,69,53,57,2,64,60,58,2,85,79,71,2,60,67,59,1,64,16,78,2,74,100,89,2,66,68,62,1,35,26,58,2,62,64,67,1,18,9,77,1,32,25,63,2,73,73,93,1,26,25,72,2,86,85,83,2,64,63,65,2,67,71,65,2,68,68,68,2,100,100,100,2,71,77,71,2,67,78,75,1,28,33,57,1,24,20,72,2,77,78,82,2,67,66,67,1,18,3,71,1,38,34,38,1,30,30,67,2,71,71,37,1,29,32,43,1,7,0,94,2,62,75,71,2,89,86,81,2,74,79,72,2,79,74,67,1,18,0,100,2,76,76,72,1,20,32,44,2,84,83,87
1,38,31,45,1,15,28,17,2,88,99,86,2,74,93,89,1,15,17,11,2,76,82,73,2,70,63,71,1,41,26,33,2,61,75,69,2,89,82,89,2,96,95,97,2,82,90,86,1,73,30,65,1,50,35,46,2,72,100,80,1,42,13,43,1,23,31,24,2,81,77,80,1,55,44,56,2,69,74,69,2,62,72,65,1,24,32,28,1,36,32,33,2,75,75,77,1,7,38,13,1,53,29,58,2,79,82,79,1,68,23,73,2,30,61,29,2,67,66,68,1,69,35,64,1,72,1,75,2,57,51,61,1,46,44,43,1,62,35,65,2,58,56,60,2,74,68,71,2,68,59,67,2,75,69,75,2,75,64,74,2,54,55,56,2,77,88,78,1,37,3,31,2,67,67,67,2,60,59,63,1,42,41,43,2,70,67,70,2,70,63,78,2,74,63,68,2,75,70,70
2,67,61,75,2,44,95,71,2,85,81,74,2,60,95,85,2,82,94,78,2,79,88,75,1,29,25,42,1,29,25,27,1,48,12,39,2,77,77,71,2,76,73,84,2,34,69,43,2,57,68,46,2,69,70,62,1,39,26,27,2,44,66,37,2,43,85,46,2,62,71,70,1,18,0,58,2,62,95,56,2,58,82,70,2,82,91,72,2,64,86,74,2,55,75,39,2,56,92,67,1,50,20,18,2,55,69,30,2,89,98,89,2,30,57,32,1,22,40,34,2,57,66,56,2,60,60,60,2,56,73,42,1,37,34,32,2,60,62,55,2,56,55,55,2,65,68,77,2,61,57,60,2,59,56,58,1,25,28,26,2,39,59,24,2,65,85,59,2,64,88,71,2,74,89,64,2,35,73,25,1,31,27,26,2,61,95,40,2,64,62,62,2,58,62,65,2,30,69,25
1,69,0,57,1,55,0,76,1,88,0,93,2,84,100,86,1,46,0,76,2,88,74,92,1,40,0,42,1,61,42,61,1,81,10,70,1,88,5,75,2,94,100,94,2,86,100,91,1,81,0,93,2,97,87,94,2,94,100,92,2,79,100,95,2,84,90,86,1,95,0,97,1,39,0,33,1,95,0,94,1,95,3,87,1,87,0,88,1,79,0,85,2,91,96,94,1,38,5,43,2,67,63,66,1,84,0,88,1,84,0,88,1,74,5,56,1,92,0,84,1,89,0,89,1,61,0,75,1,80,0,71,1,54,49,58,2,91,100,86,1,91,13,90,1,88,5,70,1,87,0,86,2,83,100,82,1,83,0,77,2,74,59,85,1,67,12,90,1,58,0,58,2,88,95,79,2,88,100,91,1,38,0,44,1,95,0,84,1,37,0,44,1,78,0,66,2,84,100,77
2,81,92,72,1,62,7,61,2,72,100,70,2,91,94,82,1,41,0,24,1,40,36,59,1,28,28,38,2,59,62,64,2,77,96,73,2,94,100,92,2,100,100,100,2,99,99,99,1,33,42,25,1,32,35,27,2,98,100,97,2,86,96,90,1,35,24,29,1,0,9,3,2,83,100,89,2,69,77,70,1,28,20,30,1,33,0,27,1,31,15,24,2,70,82,77,1,44,9,28,1,34,0,19,2,87,99,93,1,60,17,63,1,37,13,22,2,79,100,85,2,92,100,91,1,17,0,13,2,81,100,87,2,92,100,94,2,91,100,96,1,22,0,16,2,93,100,92,2,97,99,98,2,97,100,97,2,77,86,78,2,92,99,93,2,92,100,97,1,24,0,25,2,90,100,93,2,91,100,93,1,9,0,5,1,21,1,7,2,93,100,94,2,85,89,81,2,94,100,95
1,0,0,32,1,38,38,39,2,100,100,100,2,100,100,100,2,100,100,100,2,100,100,100,1,0,0,0,2,70,70,71,1,0,0,1,2,100,100,100,2,80,73,72,2,75,76,78,1,0,0,0,2,100,100,100,1,22,27,19,1,0,0,0,1,0,0,0,1,12,28,17,1,0,0,0,1,0,0,0,2,100,100,100,2,77,82,84,1,25,24,26,2,100,100,100,1,0,0,0,1,18,18,19,1,26,22,18,1,0,0,0,2,76,76,74,1,16,23,20,2,74,75,76,1,0,0,0,2,83,74,74,1,24,27,30,2,100,100,100,2,100,100,100,1,0,0,0,1,0,0,0,1,18,20,19,2,83,74,70,1,24,15,18,1,0,0,0,2,100,100,100,2,78,76,99,1,25,31,29,1,0,0,0,1,0,0,0,2,100,100,100,1,0,0,0,1,18,21,25
2,70,90,80,2,70,70,70,2,80,85,80,2,70,75,70,1,35,10,20,2,80,80,80,2,75,70,70,2,75,75,80,2,75,80,70,2,80,85,80,2,90,80,80,2,80,75,70,2,90,95,90,2,75,75,80,2,70,70,71,2,70,80,70,2,80,95,85,2,90,95,85,2,80,90,80,2,80,95,85,2,85,99,80,2,80,90,80,2,85,95,90,2,80,90,80,2,70,85,80,2,70,85,70,2,70,85,75,2,80,85,80,2,70,80,70,2,85,99,90,2,85,99,90,2,95,99,95,2,80,95,85,2,70,85,70,2,70,85,80,2,80,85,80,2,90,99,90,2,90,99,90,2,90,99,90,2,70,90,80,2,70,90,80,2,90,99,85,2,90,99,85,2,80,99,90,2,85,99,85,2,75,85,70,1,65,40,70,2,70,60,70,2,80,90,80,2,70,70,70
2,94,94,97,2,100,94,96,2,100,99,99,2,100,100,99,2,97,100,100,2,100,100,100,2,99,100,99,2,100,100,99,2,100,100,100,2,100,100,100,2,100,100,100,2,100,100,100,2,100,100,100,2,99,100,100,2,100,100,100,2,100,100,100,2,100,100,100,2,100,100,100,1,100,30,100,2,100,100,100,2,100,100,100,2,100,100,100,2,100,99,99,2,100,100,100,1,98,30,99,2,100,99,99,2,98,100,97,2,100,99,98,1,97,20,88,2,99,99,98,2,97,93,95,2,97,98,97,2,96,98,96,2,96,97,96,2,97,98,97,2,89,95,94,2,93,96,96,2,96,94,92,2,99,97,95,1,92,22,86,2,79,86,71,2,84,93,86,2,90,79,92,2,87,90,77,2,87,76,94,2,83,90,80,2,82,92,74,2,84,93,78,2,87,91,74,2,88,87,81
2,100,98,98,2,96,100,96,2,94,99,95,2,94,92,94,2,93,92,94,2,93,94,93,2,99,94,94,2,91,94,94,2,93,88,98,2,88,95,91,2,87,94,94,2,92,94,89,2,90,95,91,2,93,92,91,2,93,96,92,2,93,97,95,2,96,95,95,2,96,93,95,1,91,30,90,2,94,85,89,2,87,91,88,2,91,86,95,2,89,92,91,2,89,94,90,2,93,92,86,2,94,83,93,2,91,94,87,2,92,87,94,1,86,45,90,2,82,91,89,2,90,86,95,2,90,87,94,2,93,84,91,2,91,79,92,2,86,95,87,2,94,84,96,2,90,86,95,2,91,81,92,2,95,84,90,2,91,79,92,2,91,89,93,2,93,88,93,2,93,94,95,2,92,92,94,2,90,92,93,2,91,94,93,2,94,89,93,2,91,85,94,2,91,96,95,2,92,91,93
2,59,56,60,1,35,39,61,2,63,69,64,2,64,50,62,2,70,71,77,1,60,30,44,2,69,74,76,1,72,45,68,1,78,46,88,2,78,60,84,2,78,66,67,1,59,44,58,1,57,44,59,2,74,60,72,1,65,43,62,1,79,47,64,1,59,48,68,2,75,51,70,2,81,87,95,2,89,88,84,2,75,81,89,1,82,47,70,2,71,62,81,1,74,48,79,1,76,44,85,2,72,62,59,1,66,47,74,1,67,46,80,1,99,34,100,1,74,48,72,2,79,61,81,2,91,69,95,2,78,68,73,1,75,48,65,2,75,66,65,2,100,79,78,1,68,47,77,2,92,67,78,1,71,45,70,1,83,41,72,1,80,47,74,1,80,41,71,2,85,61,85,2,83,71,86,1,76,46,75,2,88,61,78,1,88,32,82,2,86,65,83,1,85,36,75,2,76,62,74
2,81,65,82,1,71,46,83,2,93,61,82,1,74,45,68,2,86,61,67,2,100,66,94,1,95,43,93,1,80,47,76,1,74,47,80,2,100,77,98,2,93,82,93,1,84,49,98,1,83,44,95,2,88,70,90,2,87,71,93,1,77,45,91,1,100,46,92,1,87,47,88,2,85,60,71,2,99,71,95,1,77,36,91,1,78,38,75,1,100,46,89,1,100,44,90,1,90,44,89,1,90,42,83,2,86,50,79,1,98,45,96,1,99,47,94,2,86,61,70,2,93,59,91,2,95,62,92,2,87,68,70,1,97,46,100,2,87,56,74,2,90,66,67,2,82,63,88,2,92,56,75,1,85,38,76,2,91,76,93,2,93,68,92,1,86,41,82,2,94,61,88,2,89,76,96,2,93,64,93,2,98,73,98,1,81,41,89,1,91,43,76,1,86,46,93,1,93,45,82
1,26,1,7,1,5,7,16,2,95,88,87,2,92,77,100,2,94,94,89,1,15,24,38,1,11,6,15,1,24,5,12,1,9,16,8,1,5,8,19,2,94,81,97,2,97,99,98,1,39,32,25,2,95,98,97,2,88,92,91,1,10,10,6,1,10,21,11,1,6,5,8,1,6,7,7,1,18,28,5,2,98,89,98,1,9,13,10,1,9,12,18,2,93,94,92,1,15,29,15,1,6,18,19,1,4,4,12,1,41,29,34,1,29,13,22,1,45,29,35,1,30,15,25,1,42,43,35,1,13,25,2,1,26,47,28,1,25,35,37,2,73,83,75,1,8,19,24,1,35,30,38,2,57,57,59,2,94,95,91,1,13,26,23,1,33,22,15,1,28,22,27,2,84,94,90,1,14,37,40,1,1,8,17,1,36,41,36,2,58,61,58,1,31,15,25,1,10,29,28
2,92,90,93,2,84,92,100,2,87,93,91,2,89,82,80,2,85,87,95,2,95,96,100,2,80,98,98,2,87,96,95,2,93,96,96,2,96,95,98,2,96,97,98,2,96,96,98,2,95,96,99,2,98,94,96,2,95,97,96,2,96,96,96,2,96,98,98,2,98,95,97,2,95,96,97,2,98,99,99,2,98,97,98,2,98,99,99,2,99,97,98,2,100,100,100,2,97,98,99,2,99,99,98,2,96,97,97,2,98,97,97,2,97,97,98,2,98,98,98,2,98,97,98,2,98,95,99,2,99,98,98,2,96,98,100,2,99,98,99,2,98,99,98,2,99,98,99,2,95,95,97,2,94,96,98,2,94,97,98,2,94,97,98,2,93,99,98,2,99,99,100,2,96,97,99,2,97,96,98,2,98,98,98,2,99,99,97,2,98,98,99,2,97,98,98,2,98,99,97
2,80,79,80,1,86,23,82,2,77,83,97,2,72,83,44,2,74,85,74,2,75,83,82,2,79,80,87,2,85,86,80,2,79,81,82,2,81,85,83,2,76,80,85,2,82,84,86,2,82,84,88,2,79,83,85,2,83,79,89,2,90,82,86,2,81,86,85,2,77,80,87,2,80,83,86,2,83,87,89,2,80,86,79,2,81,87,94,2,80,93,84,2,77,85,91,2,79,86,91,2,84,82,88,2,85,86,89,2,85,82,86,2,88,85,90,2,88,87,92,2,86,87,91,2,85,90,89,2,85,89,89,2,81,86,87,2,89,89,90,2,85,82,90,2,76,88,90,2,90,88,91,2,84,88,92,2,84,91,91,2,91,87,89,2,89,87,95,2,87,86,93,1,84,25,60,2,80,78,81,2,83,84,85,2,86,86,87,2,80,87,88,2,86,89,92,2,84,86,90
2,74,72,76,1,42,32,71,2,68,81,74,1,30,27,80,2,88,95,82,2,87,85,86,2,76,86,81,1,19,26,75,2,79,89,85,2,86,81,80,2,81,81,88,1,28,35,81,2,89,90,88,2,84,87,83,2,77,84,87,2,77,83,82,2,79,84,86,1,31,37,77,2,81,86,81,2,80,85,92,1,31,29,73,1,34,28,79,2,89,79,85,2,90,86,88,1,30,28,73,2,86,83,81,2,81,81,84,2,91,85,90,2,87,81,88,2,88,84,85,2,86,90,83,2,91,84,89,1,31,30,71,2,83,81,83,1,31,34,76,2,90,91,93,2,89,89,87,1,27,26,80,2,77,89,86,2,82,90,86,1,26,27,73,2,86,91,84,2,96,95,96,2,93,98,99,1,16,25,84,1,24,30,79,1,15,12,90,2,80,86,85,1,26,26,71,2,74,75,88
2,86,77,93,2,83,60,92,2,91,89,97,2,75,67,91,2,84,91,94,2,78,92,65,2,83,97,78,2,88,70,97,1,73,33,17,2,82,62,91,2,87,65,87,2,73,89,71,1,82,35,42,2,79,62,88,1,66,43,66,2,59,79,60,1,73,42,52,1,70,40,80,1,51,34,41,1,56,39,62,1,67,39,51,1,51,36,51,2,34,79,68,2,72,78,61,2,63,60,86,1,51,32,45,1,59,34,56,2,60,77,62,1,62,40,58,2,63,51,64,1,61,41,51,2,76,89,72,1,65,35,56,2,69,53,69,1,51,35,60,2,64,73,65,2,72,57,79,2,58,80,60,2,62,60,80,1,51,42,59,2,57,51,65,1,51,35,51,2,74,89,67,1,57,42,56,2,51,79,83,1,70,31,80,2,62,72,82,2,82,69,51,1,65,39,51,2,78,80,64
1,39,22,23,1,33,41,28,2,100,98,100,2,100,99,93,2,93,99,91,2,99,82,86,2,90,96,91,2,100,94,97,1,24,27,8,2,98,83,99,2,99,90,91,2,91,98,90,2,94,93,99,2,99,91,97,2,96,93,93,1,16,17,20,2,94,88,97,1,21,15,14,2,99,94,98,1,12,19,8,2,97,93,99,2,93,89,97,1,15,9,10,2,96,93,99,2,93,86,97,2,99,94,98,1,5,7,12,2,95,94,98,2,96,95,95,2,97,89,98,2,97,96,95,1,7,15,11,2,96,90,98,1,7,7,8,2,98,95,98,1,7,19,12,2,98,95,98,2,97,92,92,2,97,90,97,1,7,16,8,2,97,97,96,1,8,20,11,2,97,95,96,2,100,95,100,2,97,97,96,1,12,12,11,1,11,13,13,2,97,99,100,1,9,15,5,2,100,100,100
2,71,78,74,1,28,32,33,2,73,77,68,1,33,29,35,2,69,74,70,2,67,70,69,2,68,72,71,1,31,28,18,1,27,13,19,2,62,74,71,2,69,73,73,2,71,74,80,2,79,80,76,1,23,28,23,2,71,69,64,1,23,22,22,1,24,28,25,2,70,70,76,2,73,77,77,2,76,72,78,1,24,31,21,1,24,28,23,2,77,75,78,2,75,74,75,2,71,71,75,2,75,69,74,2,75,72,79,2,78,77,69,2,74,73,75,2,78,74,80,2,73,79,76,2,74,77,82,2,78,70,84,2,76,72,80,2,75,77,77,2,73,77,81,2,76,75,77,1,24,33,31,1,27,29,26,1,21,27,17,2,76,76,79,2,78,78,83,2,75,79,81,2,72,79,78,2,74,75,75,1,30,29,30,2,76,69,71,2,71,76,75,2,72,80,82,2,76,75,82
