PROLIFIC_PID,exp_cond,X1_pred,X2_pred,X3_pred,X4_pred,X5_pred,X6_pred,X7_pred,X8_pred,X9_pred,X10_pred,bonus_net,total_reward,StartDate
5ea5cf7a485d2e5c73bf2503,peerincent,0.0768115942,0.002173913,0.0376811594,-0.0137681159,0.1231884058,0.0942028986,0.1311594203,0.1652173913,-0.118115942,-0.1347826087,0.3637681159,3.6137681159,2020-05-13 16:54:28
5d9a09095223b6001809f1c9,accincent,-0.2,0.2,-0.2,0.2,-0.2,0.2,0.2,-0.2,0.2,0.2,0.4,3.65,2020-05-13 17:06:29
5cfbcc1fa7f8940019cd8704,flat,0,0,0,0,0,0,0,0,0,0,0,3.25,2020-05-13 17:12:06
5ea08738ba7e69065a69c3f8,flat,0,0,0,0,0,0,0,0,0,0,0,3.25,2020-05-13 17:13:41
5eae55b5ea7260520315f02b,peerincent,-0.0913043478,-0.0166666667,-0.052173913,-0.0137681159,-0.1376811594,-0.1086956522,0.1311594203,0.1652173913,0.1036231884,0.1202898551,0.1,3.35,2020-05-13 17:19:40
5c17294778ee390001ab19e5,flat,0,0,0,0,0,0,0,0,0,0,0,3.25,2020-05-13 17:20:46
5ce649e53e496100197ae3db,accincent,-0.2,-0.2,-0.2,-0.2,-0.2,-0.2,0.2,0.2,0.2,0.2,-0.4,2.85,2020-05-13 17:20:58
5ddaa1e583e309a04100bd57,accincent,0.2,0.2,-0.2,-0.2,0.2,0.2,0.2,-0.2,0.2,-0.2,0.4,3.65,2020-05-13 17:21:13
5eb0745480b12a11c526ffc8,peerincent,-0.0913043478,-0.0166666667,0.0376811594,-0.0137681159,-0.1376811594,0.0942028986,0.1311594203,-0.1797101449,0.1036231884,0.1202898551,0.047826087,3.297826087,2020-05-13 17:21:29
5eb94f115b6de201bac4a76d,accincent,-0.2,-0.2,0.2,-0.2,-0.2,-0.2,-0.2,-0.2,0.2,0.2,-0.8,2.45,2020-05-13 17:21:59
5ba85df9c38467000173d11a,peerincent,-0.0913043478,0.002173913,-0.052173913,-0.0007246377,0.1231884058,0.0942028986,0.1311594203,-0.1797101449,0.1036231884,-0.1347826087,-0.0043478261,3.2456521739,2020-05-13 17:25:40
5ea7c40f80fdc01ad1d14ddf,flat,0,0,0,0,0,0,0,0,0,0,0,3.25,2020-05-13 17:26:52
5d9e9a41890596001b6e68e6,peerincent,-0.0913043478,-0.0166666667,-0.052173913,-0.0137681159,-0.1376811594,0.0942028986,-0.1456521739,-0.1797101449,0.1036231884,0.1202898551,-0.3188405797,2.9311594203,2020-05-13 17:28:26
5e7913d548988f0c5bd98567,flat,0,0,0,0,0,0,0,0,0,0,0,3.25,2020-05-13 17:28:50
5e98752d6bebcf0852590d7b,accincent,-0.2,0.2,0.2,-0.2,0.2,0.2,-0.2,-0.2,0.2,0.2,0.4,3.65,2020-05-13 17:30:50
5e3b0059e8f21231ec2f26d3,peerincent,0.0768115942,-0.0166666667,0.0376811594,-0.0137681159,0.1231884058,0.0942028986,0.1311594203,-0.1797101449,0.1036231884,-0.1347826087,0.2217391304,3.4717391304,2020-05-13 17:30:56
5e8f4916b8bfe108653ccd81,flat,0,0,0,0,0,0,0,0,0,0,0,3.25,2020-05-13 17:31:07
5b7f280ef366a80001263ec3,accincent,-0.2,0.2,0.2,0.2,-0.2,-0.2,0.2,0.2,-0.2,0.2,0.4,3.65,2020-05-13 17:31:46
5c54ee47d3cc6b0001d9842b,flat,0,0,0,0,0,0,0,0,0,0,0,3.25,2020-05-13 17:31:59
5df18b726f6c630ae1fbcf0b,peerincent,0.0768115942,0.002173913,0.0376811594,-0.0007246377,0.1231884058,0.0942028986,0.1311594203,0.1652173913,0.1036231884,-0.1347826087,0.5985507246,3.8485507246,2020-05-13 17:32:54
5e3b850d32667b3a17a6ea50,accincent,0.2,0.2,-0.2,-0.2,0.2,0.2,-0.2,-0.2,-0.2,-0.2,-0.4,2.85,2020-05-13 17:33:02
5ab16619c42b630001cd37d5,peerincent,0.0768115942,0.002173913,-0.052173913,-0.0007246377,0.1231884058,0.0942028986,-0.1456521739,0.1652173913,0.1036231884,0.1202898551,0.4869565217,3.7369565217,2020-05-13 17:33:08
5e45ebd018bf820d2cb9ebab,flat,0,0,0,0,0,0,0,0,0,0,0,3.25,2020-05-13 17:33:46
5e6ad51f6a8a7a08fbc77e22,accincent,-0.2,0.2,-0.2,-0.2,0.2,0.2,0.2,-0.2,0.2,-0.2,0,3.25,2020-05-13 17:34:37
5d460ce9ba790b0001dd488c,flat,0,0,0,0,0,0,0,0,0,0,0,3.25,2020-05-13 17:34:47
5a08c9a7f2e3460001edb063,accincent,-0.2,-0.2,-0.2,0.2,-0.2,-0.2,0.2,-0.2,0.2,0.2,-0.4,2.85,2020-05-13 17:35:19
5ea2108f9b5ea6120aa37230,peerincent,-0.0913043478,0.002173913,0.0376811594,-0.0007246377,-0.1376811594,-0.1086956522,0.1311594203,0.1652173913,-0.118115942,-0.1347826087,-0.2550724638,2.9949275362,2020-05-13 17:35:25
5bcb6b6d0f10750001d79240,accincent,-0.2,-0.2,0.2,-0.2,0.2,0.2,-0.2,0.2,0.2,-0.2,0,3.25,2020-05-13 17:35:46
5e0ad04c2e472534c6b6e2c7,peerincent,0.0768115942,0.002173913,0.0376811594,-0.0137681159,-0.1376811594,0.0942028986,0.1311594203,0.1652173913,0.1036231884,-0.1347826087,0.3246376812,3.5746376812,2020-05-13 17:35:52
5ebae4db41cc8b074438db70,flat,0,0,0,0,0,0,0,0,0,0,0,3.25,2020-05-13 17:35:54
5ebb26803576b50eb12d87d9,accincent,-0.2,0.2,0.2,-0.2,0.2,0.2,0.2,0.2,0.2,-0.2,0.8,4.05,2020-05-13 17:35:57
5d4dc0d7b881130016424acf,peerincent,-0.0913043478,0.002173913,0.0376811594,-0.0007246377,-0.1376811594,-0.1086956522,0.1311594203,0.1652173913,0.1036231884,-0.1347826087,-0.0333333333,3.2166666667,2020-05-13 17:36:16
5e160795265c80bf44a4cd83,peerincent,0.0768115942,0.002173913,-0.052173913,-0.0007246377,0.1231884058,-0.1086956522,0.1311594203,0.1652173913,0.1036231884,0.1202898551,0.5608695652,3.8108695652,2020-05-13 17:38:22
5ea6a0131b8dc301238698bd,peerincent,0.0768115942,-0.0166666667,0.0376811594,-0.0007246377,-0.1376811594,0.0942028986,0.1311594203,0.1652173913,0.1036231884,0.1202898551,0.5739130435,3.8239130435,2020-05-13 17:38:34
5e7995061a79d455837f95e1,flat,0,0,0,0,0,0,0,0,0,0,0,3.25,2020-05-13 17:38:36
5ea201c4e863490fe56bd385,accincent,0.2,-0.2,0.2,-0.2,-0.2,-0.2,0.2,0.2,0.2,-0.2,0,3.25,2020-05-13 17:38:52
5e755903a504390ca964c846,flat,0,0,0,0,0,0,0,0,0,0,0,3.25,2020-05-13 17:41:05
5ebb48fa86aba5115f8f33c9,accincent,-0.2,0.2,-0.2,0.2,0.2,0.2,0.2,-0.2,0.2,-0.2,0.4,3.65,2020-05-13 17:41:20
5ea755615ef67613aaaf62cd,flat,0,0,0,0,0,0,0,0,0,0,0,3.25,2020-05-13 17:41:52
5d8c46cc53b833001a4bf916,peerincent,-0.0913043478,0.002173913,0.0376811594,-0.0137681159,-0.1376811594,-0.1086956522,0.1311594203,0.1652173913,0.1036231884,-0.1347826087,-0.0463768116,3.2036231884,2020-05-13 17:43:04
5da5f72c002c29001335b57d,accincent,0.2,0.2,0.2,0.2,0.2,0.2,0.2,-0.2,0.2,0.2,1.6,4.85,2020-05-13 17:43:17
5ead1b23eb3ceb3a05e18154,accincent,-0.2,0.2,-0.2,0.2,-0.2,0.2,-0.2,-0.2,0.2,-0.2,-0.4,2.85,2020-05-13 17:43:17
5ebaf9c3d131ca09d7a08a47,accincent,0.2,0.2,0.2,-0.2,-0.2,0.2,-0.2,-0.2,-0.2,0.2,0,3.25,2020-05-13 17:43:19
5eab4e0b67ba8f11a83e6494,flat,0,0,0,0,0,0,0,0,0,0,0,3.25,2020-05-13 17:43:20
5e8de83c1b700806403cf0df,accincent,-0.2,0.2,-0.2,-0.2,0.2,-0.2,-0.2,-0.2,-0.2,-0.2,-1.2,2.05,2020-05-13 17:43:21
5e7e4927e654af0a6b5864b1,peerincent,0.0768115942,0.002173913,-0.052173913,-0.0137681159,0.1231884058,0.0942028986,0.1311594203,-0.1797101449,-0.118115942,0.1202898551,0.184057971,3.434057971,2020-05-13 17:43:41
5d6943fc90cade0016695e9b,flat,0,0,0,0,0,0,0,0,0,0,0,3.25,2020-05-13 17:43:55
59d6c6273e5ea00001e1cf4e,flat,0,0,0,0,0,0,0,0,0,0,0,3.25,2020-05-13 17:43:56
5ebae1553421dc07a5fc6673,peerincent,0.0768115942,-0.0166666667,0.0376811594,-0.0007246377,-0.1376811594,-0.1086956522,0.1311594203,0.1652173913,0.1036231884,-0.1347826087,0.115942029,3.365942029,2020-05-13 17:43:58
5e2504acb510aa77adb31478,peerincent,0.0768115942,0.002173913,-0.052173913,-0.0007246377,-0.1376811594,0.0942028986,-0.1456521739,-0.1797101449,-0.118115942,-0.1347826087,-0.5956521739,2.6543478261,2020-05-13 17:44:07
5dcf4d27b039ab08c04d2740,flat,0,0,0,0,0,0,0,0,0,0,0,3.25,2020-05-13 17:44:27
5c32307c70d93a000123381d,flat,0,0,0,0,0,0,0,0,0,0,0,3.25,2020-05-13 17:44:31
5e9baa3e02bbdc0b4c1796d9,accincent,0.2,0.2,0.2,0.2,-0.2,-0.2,-0.2,-0.2,-0.2,0.2,0,3.25,2020-05-13 17:44:51
5cf130097dd762001553cbe4,peerincent,0.0768115942,-0.0166666667,-0.052173913,-0.0007246377,0.1231884058,0.0942028986,-0.1456521739,0.1652173913,-0.118115942,0.1202898551,0.2463768116,3.4963768116,2020-05-13 17:45:36
5dd9fb959dac7c9892492099,flat,0,0,0,0,0,0,0,0,0,0,0,3.25,2020-05-13 17:45:58
5cdae588cc071e001a1cbbf0,accincent,-0.2,-0.2,0.2,0.2,0.2,0.2,-0.2,0.2,0.2,-0.2,0.4,3.65,2020-05-13 17:46:28
5e70f95a7b8fa90009292b14,peerincent,-0.0913043478,-0.0166666667,0.0376811594,-0.0137681159,0.1231884058,0.0942028986,0.1311594203,-0.1797101449,0.1036231884,0.1202898551,0.3086956522,3.5586956522,2020-05-13 17:46:54
5e8a481d0a340d6f239a2fb8,peerincent,-0.0913043478,-0.0166666667,-0.052173913,-0.0007246377,0.1231884058,0.0942028986,0.1311594203,0.1652173913,0.1036231884,-0.1347826087,0.3217391304,3.5717391304,2020-05-13 17:47:03
5eafc593ea86b06dc1628d88,accincent,0.2,-0.2,0.2,-0.2,0.2,-0.2,0.2,0.2,0.2,-0.2,0.4,3.65,2020-05-13 17:47:47
5e149635ac9e16ab48f85941,accincent,-0.2,0.2,0.2,0.2,0.2,0.2,0.2,0.2,0.2,0.2,1.6,4.85,2020-05-13 17:50:58
5e7f9fd137169a6887857505,accincent,-0.2,0.2,0.2,0.2,0.2,0.2,0.2,-0.2,0.2,-0.2,0.8,4.05,2020-05-13 22:21:37
5eacb9950c7a9532645a3dca,flat,0,0,0,0,0,0,0,0,0,0,0,3.25,2020-05-13 22:21:46
5e6aa40bd6d43306673a4879,accincent,-0.2,0.2,0.2,-0.2,-0.2,-0.2,0.2,-0.2,0.2,-0.2,-0.4,2.85,2020-05-13 22:21:53
5e520fe5fe2087237b1b8cd1,accincent,0.2,0.2,-0.2,0.2,0.2,0.2,0.2,0.2,0.2,-0.2,1.2,4.45,2020-05-13 22:22:04
5deb1fc973f2e923afb6891e,peerincent,-0.0913043478,-0.0166666667,0.0376811594,-0.0007246377,0.1231884058,0.0942028986,0.1311594203,-0.1797101449,0.1036231884,-0.1347826087,0.0666666667,3.3166666667,2020-05-13 22:22:13
5e6855fa0d86991013cbcb04,peerincent,-0.0913043478,0.002173913,0.0376811594,-0.0137681159,0.1231884058,-0.1086956522,0.1311594203,0.1652173913,-0.118115942,-0.1347826087,-0.0072463768,3.2427536232,2020-05-13 22:22:13
5cf5a8b77ce3400001c0bbf3,peerincent,-0.0913043478,0.002173913,0.0376811594,-0.0007246377,0.1231884058,-0.1086956522,-0.1456521739,0.1652173913,-0.118115942,0.1202898551,-0.015942029,3.234057971,2020-05-13 22:22:15
5ddd6b49229f03000adf252a,flat,0,0,0,0,0,0,0,0,0,0,0,3.25,2020-05-13 22:22:23
5e25f5b6895d6804ffe7aaea,flat,0,0,0,0,0,0,0,0,0,0,0,3.25,2020-05-13 22:22:35
5ea0be946ee66d0bc472a0d6,peerincent,-0.0913043478,0.002173913,0.0376811594,-0.0007246377,-0.1376811594,0.0942028986,-0.1456521739,0.1652173913,-0.118115942,0.1202898551,-0.0739130435,3.1760869565,2020-05-13 22:22:35
5bfcb5e3aa5fa30001364404,flat,0,0,0,0,0,0,0,0,0,0,0,3.25,2020-05-13 22:22:38
5bf2b21f7c13eb0001fd6b49,accincent,-0.2,0.2,0.2,-0.2,0.2,0.2,-0.2,-0.2,0.2,0.2,0.4,3.65,2020-05-13 22:22:57
5e674b0380e3a54c79a6fb09,accincent,0.2,0.2,0.2,0.2,0.2,0.2,-0.2,0.2,0.2,-0.2,1.2,4.45,2020-05-13 22:22:59
5eab10974f192c0ae43b5a82,flat,0,0,0,0,0,0,0,0,0,0,0,3.25,2020-05-13 22:23:12
5d6d95547481f10019db1f28,peerincent,0.0768115942,-0.0166666667,-0.052173913,-0.0137681159,0.1231884058,0.0942028986,0.1311594203,0.1652173913,-0.118115942,-0.1347826087,0.2550724638,3.5050724638,2020-05-13 22:23:24
5eac6e70e481222bfb2a8872,flat,0,0,0,0,0,0,0,0,0,0,0,3.25,2020-05-13 22:23:30
5eabb065bdd63d19a679b364,accincent,-0.2,0.2,0.2,-0.2,0.2,-0.2,0.2,0.2,0.2,-0.2,0.4,3.65,2020-05-13 22:23:34
5e279f3eb202039d8b6812d6,accincent,-0.2,-0.2,0.2,-0.2,-0.2,0.2,0.2,-0.2,0.2,-0.2,-0.4,2.85,2020-05-13 22:23:37
5cf478481aef150001318a67,flat,0,0,0,0,0,0,0,0,0,0,0,3.25,2020-05-13 22:23:38
5d7d25f5e2ecbb0017c9f4cd,flat,0,0,0,0,0,0,0,0,0,0,0,3.25,2020-05-13 22:23:38
5eaa230cb27dc919e8590bae,flat,0,0,0,0,0,0,0,0,0,0,0,3.25,2020-05-13 22:23:38
5eba0dc07c0c74150a635d5f,peerincent,-0.0913043478,0.002173913,0.0376811594,-0.0007246377,0.1231884058,0.0942028986,0.1311594203,-0.1797101449,0.1036231884,-0.1347826087,0.0855072464,3.3355072464,2020-05-13 22:23:45
5e35f7825aa7005b5c3da260,peerincent,-0.0913043478,-0.0166666667,-0.052173913,-0.0137681159,0.1231884058,0.0942028986,0.1311594203,0.1652173913,-0.118115942,0.1202898551,0.3420289855,3.5920289855,2020-05-13 22:23:54
5e90c34303a0a90afb2227c6,accincent,0.2,0.2,0.2,0.2,-0.2,0.2,0.2,0.2,0.2,-0.2,1.2,4.45,2020-05-13 22:23:55
5e97984bca82b62676c3293e,accincent,-0.2,0.2,-0.2,-0.2,0.2,-0.2,0.2,-0.2,-0.2,-0.2,-0.8,2.45,2020-05-13 22:23:56
5eba15915da926159040f442,accincent,-0.2,0.2,0.2,0.2,0.2,-0.2,0.2,-0.2,-0.2,0.2,0.4,3.65,2020-05-13 22:23:58
5de982077cd7670b0a591d6b,flat,0,0,0,0,0,0,0,0,0,0,0,3.25,2020-05-13 22:24:03
5e89e88f80d35267eb33830c,peerincent,0.0768115942,-0.0166666667,0.0376811594,-0.0007246377,0.1231884058,-0.1086956522,-0.1456521739,0.1652173913,-0.118115942,0.1202898551,0.1333333333,3.3833333333,2020-05-13 22:24:03
5e8b848f1ec9f5063d76857c,flat,0,0,0,0,0,0,0,0,0,0,0,3.25,2020-05-13 22:24:07
5d965bd40bc1550018bf4b11,peerincent,-0.0913043478,-0.0166666667,-0.052173913,-0.0137681159,-0.1376811594,0.0942028986,-0.1456521739,0.1652173913,-0.118115942,-0.1347826087,-0.4507246377,2.7992753623,2020-05-13 22:24:08
5d4c7aa8f05d320001760340,peerincent,-0.0913043478,-0.0166666667,0.0376811594,-0.0007246377,0.1231884058,0.0942028986,-0.1456521739,-0.1797101449,0.1036231884,0.1202898551,0.0449275362,3.2949275362,2020-05-13 22:24:10
5cf031f5135ea3000126aaaa,peerincent,-0.0913043478,0.002173913,-0.052173913,-0.0007246377,-0.1376811594,-0.1086956522,0.1311594203,0.1652173913,0.1036231884,-0.1347826087,-0.1231884058,3.1268115942,2020-05-13 22:24:11
5eb9ea44968b651244404aac,accincent,0.2,0.2,0.2,-0.2,0.2,0.2,-0.2,-0.2,0.2,-0.2,0.4,3.65,2020-05-13 22:24:22
5eb10e1b6e2f921d6d6567dd,accincent,-0.2,0.2,0.2,-0.2,-0.2,0.2,0.2,-0.2,0.2,0.2,0.4,3.65,2020-05-13 22:24:28
5e8a79496a7800724c1df04b,flat,0,0,0,0,0,0,0,0,0,0,0,3.25,2020-05-13 22:24:36
5cfade55cb76df0019f58d1f,flat,0,0,0,0,0,0,0,0,0,0,0,3.25,2020-05-13 22:24:42
5dedebd38b2932497a59e663,peerincent,0.0768115942,0.002173913,0.0376811594,-0.0137681159,-0.1376811594,0.0942028986,-0.1456521739,-0.1797101449,0.1036231884,0.1202898551,-0.0420289855,3.2079710145,2020-05-13 22:24:45
5eb5301f97cece03ad0e0263,peerincent,-0.0913043478,0.002173913,0.0376811594,-0.0137681159,0.1231884058,-0.1086956522,0.1311594203,-0.1797101449,0.1036231884,-0.1347826087,-0.1304347826,3.1195652174,2020-05-13 22:24:47
5eac4d104476b027d56dab0f,peerincent,0.0768115942,0.002173913,0.0376811594,-0.0137681159,0.1231884058,0.0942028986,-0.1456521739,0.1652173913,-0.118115942,-0.1347826087,0.0869565217,3.3369565217,2020-05-13 22:24:52
5e227637d9563755139daaac,peerincent,-0.0913043478,0.002173913,0.0376811594,-0.0137681159,-0.1376811594,0.0942028986,0.1311594203,-0.1797101449,0.1036231884,-0.1347826087,-0.1884057971,3.0615942029,2020-05-13 22:24:53
5eb012678e886005558565a4,accincent,0.2,-0.2,0.2,0.2,0.2,-0.2,-0.2,0.2,0.2,0.2,0.8,4.05,2020-05-13 22:24:59
5b951d4f769db30001b58531,accincent,0.2,-0.2,-0.2,0.2,-0.2,0.2,0.2,0.2,-0.2,-0.2,0,3.25,2020-05-13 22:25:00
5e9fb6286841e91621c43246,flat,0,0,0,0,0,0,0,0,0,0,0,3.25,2020-05-13 22:25:01
5e70e4309b339b03acc24159,accincent,0.2,-0.2,-0.2,0.2,0.2,-0.2,0.2,0.2,0.2,0.2,0.8,4.05,2020-05-13 22:25:02
5e794f94cd742b5121734d4c,accincent,0.2,-0.2,-0.2,-0.2,0.2,-0.2,0.2,0.2,0.2,-0.2,0,3.25,2020-05-13 22:25:07
5eb2de44f2dbc90894711df3,flat,0,0,0,0,0,0,0,0,0,0,0,3.25,2020-05-13 22:25:11
5e8e0b2d3e52130b81900c4d,flat,0,0,0,0,0,0,0,0,0,0,0,3.25,2020-05-13 22:25:13
5e6e9703f4a83200098bf742,flat,0,0,0,0,0,0,0,0,0,0,0,3.25,2020-05-13 22:25:14
5e94f9f2cd40fa876abe55ac,accincent,0.2,0.2,0.2,0.2,-0.2,-0.2,-0.2,-0.2,0.2,-0.2,0,3.25,2020-05-13 22:25:27
5eadfcaa0051740ff581544a,peerincent,0.0768115942,0.002173913,-0.052173913,-0.0137681159,-0.1376811594,-0.1086956522,-0.1456521739,0.1652173913,-0.118115942,0.1202898551,-0.2115942029,3.0384057971,2020-05-13 22:25:27
5e4bdb0a5f962e025484358c,flat,0,0,0,0,0,0,0,0,0,0,0,3.25,2020-05-13 22:25:35
5eaf790df0b5cc682f9a19ce,accincent,-0.2,0.2,-0.2,-0.2,0.2,-0.2,0.2,-0.2,0.2,0.2,0,3.25,2020-05-13 22:25:38
5e8cec5e1a88ad0a14744f2d,flat,0,0,0,0,0,0,0,0,0,0,0,3.25,2020-05-13 22:25:45
5ddddb0659b1b0d3e08cb77d,peerincent,-0.0913043478,0.002173913,0.0376811594,-0.0137681159,0.1231884058,0.0942028986,0.1311594203,-0.1797101449,-0.118115942,-0.1347826087,-0.1492753623,3.1007246377,2020-05-13 22:25:58
5ebaf57d13a1670a6a579fa1,peerincent,0.0768115942,0.002173913,0.0376811594,-0.0137681159,0.1231884058,0.0942028986,0.1311594203,-0.1797101449,0.1036231884,0.1202898551,0.4956521739,3.7456521739,2020-05-13 22:26:01
58dc21b27f59b30001457aba,flat,0,0,0,0,0,0,0,0,0,0,0,3.25,2020-05-13 22:26:03
5e8eb4f68099ec16cd166970,accincent,0.2,0.2,0.2,-0.2,-0.2,0.2,0.2,-0.2,-0.2,-0.2,0,3.25,2020-05-13 22:26:14
5bdd006c712eb800010d0670,accincent,0.2,-0.2,0.2,-0.2,-0.2,0.2,-0.2,0.2,-0.2,-0.2,-0.4,2.85,2020-05-13 22:26:30
5eb5e831b11b101414b3ae6c,peerincent,-0.0913043478,-0.0166666667,0.0376811594,-0.0137681159,-0.1376811594,0.0942028986,0.1311594203,-0.1797101449,0.1036231884,-0.1347826087,-0.2072463768,3.0427536232,2020-05-13 22:26:52
5e668df31d7e1a4039d67b49,flat,0,0,0,0,0,0,0,0,0,0,0,3.25,2020-05-13 22:30:18
5e8259d8726b2a9826c29af7,peerincent,0.0768115942,0.002173913,-0.052173913,-0.0137681159,0.1231884058,-0.1086956522,0.1311594203,0.1652173913,0.1036231884,0.1202898551,0.547826087,3.797826087,2020-05-14 17:10:41
5eb03e8542bbba0ab22b730f,accincent,-0.2,0.2,0.2,-0.2,0.2,-0.2,0.2,-0.2,0.2,0.2,0.4,3.65,2020-05-14 17:10:41
5e7825d256b26e3a278d8c73,accincent,0.2,0.2,-0.2,-0.2,0.2,0.2,-0.2,-0.2,0.2,0.2,0.4,3.65,2020-05-14 17:10:53
5eab120dde58220b71cf6599,flat,0,0,0,0,0,0,0,0,0,0,0,3.25,2020-05-14 17:10:53
5ead8de54309424234377266,peerincent,0.0768115942,-0.0166666667,0.0376811594,-0.0137681159,0.1231884058,0.0942028986,-0.1456521739,0.1652173913,0.1036231884,-0.1347826087,0.2898550725,3.5398550725,2020-05-14 17:10:58
5dcfa1ee86411b0c83bbb15b,peerincent,-0.0913043478,0.002173913,-0.052173913,-0.0137681159,-0.1376811594,-0.1086956522,0.1311594203,0.1652173913,0.1036231884,-0.1347826087,-0.1362318841,3.1137681159,2020-05-14 17:11:00
5ad93fa080491c000142d619,flat,0,0,0,0,0,0,0,0,0,0,0,3.25,2020-05-14 17:11:07
5da4f9a3bbbc120015e084a9,flat,0,0,0,0,0,0,0,0,0,0,0,3.25,2020-05-14 17:11:19
5d33ff76f665c6001ab9aa1e,accincent,0.2,0.2,0.2,-0.2,-0.2,-0.2,-0.2,0.2,-0.2,-0.2,-0.4,2.85,2020-05-14 17:11:20
5eafd506b7adcd01901acc27,accincent,-0.2,0.2,-0.2,0.2,0.2,0.2,0.2,-0.2,-0.2,0.2,0.4,3.65,2020-05-14 17:11:20
5e864d036d765027f7c0760d,accincent,0.2,0.2,0.2,0.2,0.2,0.2,-0.2,-0.2,0.2,0.2,1.2,4.45,2020-05-14 17:11:24
5d163b17e476370001f4e97c,accincent,-0.2,0.2,-0.2,-0.2,-0.2,-0.2,0.2,0.2,0.2,0.2,0,3.25,2020-05-14 17:11:27
5d3f6c700bd40e001cf67d98,peerincent,-0.0913043478,0.002173913,-0.052173913,-0.0007246377,0.1231884058,-0.1086956522,0.1311594203,0.1652173913,0.1036231884,0.1202898551,0.3927536232,3.6427536232,2020-05-14 17:11:27
5eab34000e24360e4f5f1682,peerincent,-0.0913043478,0.002173913,0.0376811594,-0.0007246377,0.1231884058,0.0942028986,0.1311594203,0.1652173913,0.1036231884,-0.1347826087,0.4304347826,3.6804347826,2020-05-14 17:11:28
5db784034f550b000e3574b1,flat,0,0,0,0,0,0,0,0,0,0,0,3.25,2020-05-14 17:11:37
5e9e6189bee0af238931e653,flat,0,0,0,0,0,0,0,0,0,0,0,3.25,2020-05-14 17:11:37
5e8d44819163b611f62d706c,flat,0,0,0,0,0,0,0,0,0,0,0,3.25,2020-05-14 17:11:38
5eab5556742dd91332dc610d,flat,0,0,0,0,0,0,0,0,0,0,0,3.25,2020-05-14 17:11:38
5e2bf2153a9311222d4892c6,flat,0,0,0,0,0,0,0,0,0,0,0,3.25,2020-05-14 17:11:41
5dd7662482569a706cac6d34,flat,0,0,0,0,0,0,0,0,0,0,0,3.25,2020-05-14 17:11:42
5eaec4a4851f4f5979bd0c46,flat,0,0,0,0,0,0,0,0,0,0,0,3.25,2020-05-14 17:11:43
5e72cb561b6e9c21954bd7da,peerincent,-0.0913043478,-0.0166666667,-0.052173913,-0.0007246377,-0.1376811594,-0.1086956522,0.1311594203,-0.1797101449,0.1036231884,0.1202898551,-0.231884058,3.018115942,2020-05-14 17:11:47
5d54d3560c5b0400174b3c81,flat,0,0,0,0,0,0,0,0,0,0,0,3.25,2020-05-14 17:11:52
5e9178f2f3d82149fb87f6e8,peerincent,0.0768115942,0.002173913,0.0376811594,-0.0137681159,0.1231884058,-0.1086956522,0.1311594203,-0.1797101449,0.1036231884,-0.1347826087,0.0376811594,3.2876811594,2020-05-14 17:11:52
5e946edca4ddb72c52fb270b,accincent,0.2,0.2,-0.2,-0.2,-0.2,0.2,0.2,0.2,0.2,-0.2,0.4,3.65,2020-05-14 17:11:54
5e7a3d4ecbf3760137f77a5b,peerincent,-0.0913043478,0.002173913,0.0376811594,-0.0007246377,0.1231884058,0.0942028986,0.1311594203,-0.1797101449,0.1036231884,-0.1347826087,0.0855072464,3.3355072464,2020-05-14 17:11:55
5e94fe1e164143000adac1ae,accincent,-0.2,0.2,0.2,0.2,0.2,0.2,0.2,0.2,-0.2,-0.2,0.8,4.05,2020-05-14 17:12:03
5eb1cc5bbd95623229c961a5,peerincent,-0.0913043478,0.002173913,0.0376811594,-0.0137681159,0.1231884058,-0.1086956522,0.1311594203,0.1652173913,0.1036231884,-0.1347826087,0.2144927536,3.4644927536,2020-05-14 17:12:04
5ce753de5434fd001b47e9fc,accincent,-0.2,0.2,-0.2,0.2,-0.2,0.2,0.2,-0.2,0.2,-0.2,0,3.25,2020-05-14 17:12:06
5e77f95053032d0b15687284,accincent,-0.2,0.2,0.2,0.2,-0.2,-0.2,0.2,0.2,0.2,-0.2,0.4,3.65,2020-05-14 17:12:09
5ea00f8da4524200097d2254,flat,0,0,0,0,0,0,0,0,0,0,0,3.25,2020-05-14 17:12:09
5deef64126ff0259490b942c,accincent,-0.2,0.2,-0.2,0.2,0.2,0.2,0.2,0.2,0.2,-0.2,0.8,4.05,2020-05-14 17:12:10
5e6ff5fb9cf1955c1d9bbb21,flat,0,0,0,0,0,0,0,0,0,0,0,3.25,2020-05-14 17:12:11
5ea08f6e39035b0616076934,peerincent,0.0768115942,0.002173913,-0.052173913,-0.0007246377,-0.1376811594,-0.1086956522,-0.1456521739,-0.1797101449,0.1036231884,0.1202898551,-0.3217391304,2.9282608696,2020-05-14 17:12:12
5e9d549e36f025000a0ddc25,peerincent,-0.0913043478,-0.0166666667,0.0376811594,-0.0007246377,0.1231884058,-0.1086956522,0.1311594203,-0.1797101449,0.1036231884,-0.1347826087,-0.1362318841,3.1137681159,2020-05-14 17:12:18
5eab81a183d00517ecc69645,peerincent,0.0768115942,0.002173913,0.0376811594,-0.0137681159,-0.1376811594,-0.1086956522,0.1311594203,0.1652173913,0.1036231884,-0.1347826087,0.1217391304,3.3717391304,2020-05-14 17:12:27
5e19c8d1477f3b24e0ac5efa,flat,0,0,0,0,0,0,0,0,0,0,0,3.25,2020-05-14 17:12:30
5e891499ecf1c05abf1ed7b4,peerincent,0.0768115942,-0.0166666667,0.0376811594,-0.0007246377,0.1231884058,0.0942028986,0.1311594203,-0.1797101449,0.1036231884,0.1202898551,0.4898550725,3.7398550725,2020-05-14 17:12:31
5ea2343c360fe41485a02d81,accincent,-0.2,-0.2,-0.2,-0.2,-0.2,0.2,0.2,0.2,0.2,0.2,0,3.25,2020-05-14 17:12:31
5eaa192b4e2ab9197cec6eeb,flat,0,0,0,0,0,0,0,0,0,0,0,3.25,2020-05-14 17:12:32
5df0eb850042e812ca51313a,accincent,-0.2,-0.2,0.2,-0.2,0.2,0.2,0.2,-0.2,0.2,0.2,0.4,3.65,2020-05-14 17:12:36
5e8e0a728565ef091f04d0aa,accincent,-0.2,0.2,-0.2,-0.2,-0.2,0.2,-0.2,-0.2,-0.2,-0.2,-1.2,2.05,2020-05-14 17:12:50
5debce5335575a2bed69acc6,flat,0,0,0,0,0,0,0,0,0,0,0,3.25,2020-05-14 17:12:51
5e4e844553bc702cdf68404d,accincent,-0.2,0.2,0.2,0.2,0.2,0.2,-0.2,0.2,0.2,-0.2,0.8,4.05,2020-05-14 17:12:55
5d045502bdeaa5000165e935,peerincent,-0.0913043478,-0.0166666667,0.0376811594,-0.0007246377,0.1231884058,0.0942028986,-0.1456521739,-0.1797101449,-0.118115942,-0.1347826087,-0.431884058,2.818115942,2020-05-14 17:13:00
5e52a82ecd4f3b000c197841,peerincent,-0.0913043478,0.002173913,0.0376811594,-0.0137681159,0.1231884058,0.0942028986,0.1311594203,-0.1797101449,0.1036231884,-0.1347826087,0.0724637681,3.3224637681,2020-05-14 17:13:05
5e7d280b351b5c0d4a41d376,flat,0,0,0,0,0,0,0,0,0,0,0,3.25,2020-05-14 17:13:21
5dd2e29b2c5c102e6454227a,accincent,0.2,0.2,0.2,-0.2,-0.2,0.2,0.2,0.2,0.2,0.2,1.2,4.45,2020-05-14 17:13:26
5eb5e4d80c06144d36ab1b93,peerincent,-0.0913043478,0.002173913,0.0376811594,-0.0137681159,-0.1376811594,0.0942028986,-0.1456521739,-0.1797101449,0.1036231884,-0.1347826087,-0.4652173913,2.7847826087,2020-05-14 17:13:26
5e28ad9b6dbb5608131beb19,flat,0,0,0,0,0,0,0,0,0,0,0,3.25,2020-05-14 17:13:30
5dfc64647adf4b971f329cbf,accincent,-0.2,-0.2,-0.2,0.2,0.2,0.2,-0.2,-0.2,0.2,-0.2,-0.4,2.85,2020-05-14 17:13:37
5c88510b973d930001652c23,peerincent,-0.0913043478,0.002173913,0.0376811594,-0.0007246377,-0.1376811594,0.0942028986,-0.1456521739,-0.1797101449,0.1036231884,0.1202898551,-0.1971014493,3.0528985507,2020-05-14 17:13:38
5e7b21d811bf5611a47f76ac,flat,0,0,0,0,0,0,0,0,0,0,0,3.25,2020-05-14 17:13:39
5ea940037ff60b000be92af0,peerincent,-0.0913043478,0.002173913,0.0376811594,-0.0137681159,0.1231884058,-0.1086956522,-0.1456521739,0.1652173913,0.1036231884,-0.1347826087,-0.0623188406,3.1876811594,2020-05-14 17:13:39
5eb30b0809b1cb0d239f7c08,peerincent,0.0768115942,0.002173913,-0.052173913,-0.0137681159,0.1231884058,0.0942028986,-0.1456521739,0.1652173913,-0.118115942,0.1202898551,0.252173913,3.502173913,2020-05-14 17:13:41
5e7307087f94ce260c6076f2,accincent,-0.2,0.2,0.2,0.2,0.2,-0.2,0.2,-0.2,0.2,0.2,0.8,4.05,2020-05-14 17:13:54
5e693ff6b5da8a069e4e8d21,accincent,-0.2,0.2,0.2,-0.2,0.2,-0.2,0.2,-0.2,0.2,-0.2,0,3.25,2020-05-14 17:14:16
5dc6c59a302a184c4821c422,peerincent,-0.0913043478,-0.0166666667,0.0376811594,-0.0007246377,0.1231884058,0.0942028986,0.1311594203,0.1652173913,0.1036231884,0.1202898551,0.6666666667,3.9166666667,2020-05-14 17:16:11
5beb1ae6bcf7f90001084c7d,accincent,-0.2,0.2,-0.2,-0.2,0.2,0.2,-0.2,0.2,-0.2,-0.2,-0.4,2.85,2020-05-14 17:16:13
5dcc9ee9b4cc7892cce47c45,flat,0,0,0,0,0,0,0,0,0,0,0,3.25,2020-05-14 17:20:59
5e9bd31ca746bc0e8d13c674,peerincent,-0.0913043478,0.002173913,0.0376811594,-0.0007246377,0.1231884058,0.0942028986,-0.1456521739,-0.1797101449,0.1036231884,-0.1347826087,-0.1913043478,3.0586956522,2020-05-14 22:48:39
5d82dce291fa480016305897,accincent,-0.2,-0.2,-0.2,-0.2,-0.2,0.2,0.2,0.2,-0.2,-0.2,-0.8,2.45,2020-05-14 22:48:44
5cef4881fb09f7000157f151,accincent,-0.2,0.2,0.2,-0.2,0.2,0.2,-0.2,-0.2,0.2,-0.2,0,3.25,2020-05-14 22:48:46
5e7bc10939f0d10b16c5f79b,accincent,-0.2,0.2,0.2,0.2,0.2,0.2,0.2,-0.2,0.2,-0.2,0.8,4.05,2020-05-14 22:48:49
5c880a528085800016135d86,flat,0,0,0,0,0,0,0,0,0,0,0,3.25,2020-05-14 22:48:56
5e8debd2ae7a80071f189793,flat,0,0,0,0,0,0,0,0,0,0,0,3.25,2020-05-14 22:48:56
5e9bd2230273320dc4b542ee,flat,0,0,0,0,0,0,0,0,0,0,0,3.25,2020-05-14 22:49:00
5eb32b8adc8fc511560fca82,flat,0,0,0,0,0,0,0,0,0,0,0,3.25,2020-05-14 22:49:01
5e8a76b3939b3072dc76fb5c,peerincent,-0.0913043478,0.002173913,0.0376811594,-0.0007246377,0.1231884058,0.0942028986,0.1311594203,0.1652173913,0.1036231884,0.1202898551,0.6855072464,3.9355072464,2020-05-14 22:49:09
5e84b8443f064006f1b5215c,accincent,-0.2,-0.2,0.2,0.2,0.2,0.2,-0.2,-0.2,0.2,-0.2,0,3.25,2020-05-14 22:49:14
5e920e9a7da4b35496c9d828,accincent,-0.2,-0.2,0.2,0.2,-0.2,-0.2,0.2,0.2,0.2,0.2,0.4,3.65,2020-05-14 22:49:14
5df837d7afb8b05ea6aafddb,accincent,0.2,0.2,-0.2,0.2,0.2,0.2,0.2,-0.2,0.2,0.2,1.2,4.45,2020-05-14 22:49:15
5d76bc8e529c4b00197aa4f2,peerincent,-0.0913043478,0.002173913,-0.052173913,-0.0137681159,0.1231884058,-0.1086956522,0.1311594203,-0.1797101449,0.1036231884,-0.1347826087,-0.2202898551,3.0297101449,2020-05-14 22:49:20
5e89ad187ad752640e558c8a,peerincent,-0.0913043478,-0.0166666667,-0.052173913,-0.0137681159,0.1231884058,-0.1086956522,0.1311594203,0.1652173913,0.1036231884,-0.1347826087,0.1057971014,3.3557971014,2020-05-14 22:49:24
5e616b0a72248504495fe4ef,flat,0,0,0,0,0,0,0,0,0,0,0,3.25,2020-05-14 22:49:42
5ea6d5e15789a4069a6d3d9f,peerincent,0.0768115942,0.002173913,0.0376811594,-0.0137681159,0.1231884058,0.0942028986,-0.1456521739,0.1652173913,0.1036231884,0.1202898551,0.5637681159,3.8137681159,2020-05-14 22:49:43
5eaf4d36b5205265123a102e,peerincent,-0.0913043478,-0.0166666667,-0.052173913,-0.0007246377,-0.1376811594,-0.1086956522,0.1311594203,0.1652173913,0.1036231884,0.1202898551,0.1130434783,3.3630434783,2020-05-14 22:49:45
5d5eeb06d8bcde00162d73f1,peerincent,-0.0913043478,0.002173913,0.0376811594,-0.0007246377,0.1231884058,0.0942028986,0.1311594203,-0.1797101449,0.1036231884,0.1202898551,0.3405797101,3.5905797101,2020-05-14 22:49:47
5e79437d60e3c14ed20cc894,flat,0,0,0,0,0,0,0,0,0,0,0,3.25,2020-05-14 22:49:50
5e8f10db1e5f531d1a7723ae,accincent,-0.2,0.2,0.2,0.2,-0.2,0.2,-0.2,-0.2,-0.2,0.2,0,3.25,2020-05-14 22:50:00
58c376f9efb64f0001358464,accincent,-0.2,-0.2,-0.2,0.2,-0.2,-0.2,-0.2,0.2,-0.2,0.2,-0.8,2.45,2020-05-14 22:50:06
5dd9f4ed16d10c96e079f1f4,peerincent,0.0768115942,0.002173913,-0.052173913,-0.0137681159,-0.1376811594,0.0942028986,0.1311594203,0.1652173913,0.1036231884,-0.1347826087,0.2347826087,3.4847826087,2020-05-14 22:50:10
5e9923fb0d2c3a15aea5f991,flat,0,0,0,0,0,0,0,0,0,0,0,3.25,2020-05-14 22:51:17
5e4a2f23f64db74915406236,accincent,-0.2,0.2,0.2,-0.2,0.2,-0.2,0.2,0.2,0.2,0.2,0.8,4.05,2020-05-14 22:52:53
5ebb60fe5b408e13222c626c,accincent,0.2,0.2,0.2,0.2,0.2,0.2,0.2,-0.2,0.2,0.2,1.6,4.85,2020-05-14 22:54:45
5e1f7b2a4c9b832b34e7c9d3,peerincent,0.0768115942,0.002173913,0.0376811594,-0.0137681159,-0.1376811594,-0.1086956522,0.1311594203,0.1652173913,0.1036231884,0.1202898551,0.3768115942,3.6268115942,2020-05-14 22:55:21
5b0ca34130d562000155582e,peerincent,-0.0913043478,0.002173913,0.0376811594,-0.0137681159,0.1231884058,-0.1086956522,0.1311594203,0.1652173913,0.1036231884,-0.1347826087,0.2144927536,3.4644927536,2020-05-14 23:06:20
5ea1119c737ba611c77c0b77,flat,0,0,0,0,0,0,0,0,0,0,0,3.25,2020-05-14 23:10:23
5e90a1eaad04060882d17a3d,accincent,0.2,0.2,0.2,-0.2,-0.2,-0.2,-0.2,0.2,0.2,-0.2,0,3.25,2020-05-14 23:45:14
5ae21dfffef71c0001be9caf,peerincent,-0.0913043478,0.002173913,-0.052173913,-0.0137681159,0.1231884058,-0.1086956522,-0.1456521739,-0.1797101449,0.1036231884,-0.1347826087,-0.4971014493,2.7528985507,2020-05-14 23:45:20
