session_id,participant_id,status,started_datetime,completed_date_time,time_taken,age,num_approvals,num_rejections,prolific_score,reviewed_at_datetime,entered_code,Country of Birth,Current Country of Residence,Employment Status,First Language,Fluent languages,Nationality,Sex,Student Status
5f8d59add14a8802f8cfc1dd,5a47abdb6d85f80001c25655,AWAITING REVIEW,2020-10-19 09:17:35.629000,2020-10-19 09:19:19.464000,103.835,22,112,1,100,,366C5978,United Kingdom,United Kingdom,Other,English,English,United Kingdom,Female,Yes
5f8d59cf00ad5502a4d5cbae,5ba0df3c9c31af0001ff7795,AWAITING REVIEW,2020-10-19 09:19:10.908000,2020-10-19 09:26:59.771000,468.863,27,331,3,99,,366C5978,United Kingdom,United Kingdom,Part-Time,English,English,United Kingdom,Female,Yes
5f8d5a270685ae02a8b2a099,5d002470f4534000181d5e09,AWAITING REVIEW,2020-10-19 09:19:35.283000,2020-10-19 09:21:45.858000,130.575,20,170,5,96,,366C5978,United Kingdom,United Kingdom,Unemployed (and job seeking),English,English,United Kingdom,Male,Yes
5f8d5a5f46692702fae86f75,5f30c0e271440752dbba8de5,AWAITING REVIEW,2020-10-19 09:20:43.898000,2020-10-19 09:23:44.991000,181.093,19,26,2,96,,366C5978,India,United Kingdom,Unemployed (and job seeking),DATA EXPIRED,"English, Tamil",United Kingdom,Male,Yes
5f8d5b194370cf02a31fb214,5ede60bc682c590ba7a95725,AWAITING REVIEW,2020-10-19 09:23:46.481000,2020-10-19 09:26:08.619000,142.138,22,78,1,100,,366C5978,United Kingdom,United Kingdom,Due to start a new job within the next month,English,English,United Kingdom,Female,Yes
5f8d5b442b70b502addc3a7c,5e9a162fc140d109fe1a4618,AWAITING REVIEW,2020-10-19 09:24:22.752000,2020-10-19 09:26:07.254000,104.502,23,139,2,100,,366C5978,United Kingdom,United Kingdom,Part-Time,English,English,United Kingdom,Male,Yes
5f8d5b800674cb02fa252428,5b5bbbe34e945800017d74a5,AWAITING REVIEW,2020-10-19 09:25:20.119000,2020-10-19 09:29:16.789000,236.67,20,133,0,100,,366C5978,United Kingdom,United Kingdom,Part-Time,English,"Spanish, French, English, Hindi",United Kingdom,Female,Yes
5f8d5bcc7ecb0102acb1aa5d,5cbe1e098f939c0015c0b9d8,AWAITING REVIEW,2020-10-19 09:26:40.437000,2020-10-19 09:28:30.533000,110.096,33,226,0,100,,366C5978,United Kingdom,United Kingdom,"Not in paid work (e.g. homemaker', 'retired or disabled)",English,English,United Kingdom,Male,Yes
5f8d5bdd9c076302f945ad4d,5ea1a229465d80069655f154,AWAITING REVIEW,2020-10-19 09:26:56.273000,2020-10-19 09:30:45.757000,229.484,28,14,0,100,,366C5978,United Kingdom,United Kingdom,"Not in paid work (e.g. homemaker', 'retired or disabled)",English,English,United Kingdom,Female,Yes
5f8d5c1756a942034e30362a,5d5092a4f19f050001aa026a,AWAITING REVIEW,2020-10-19 09:27:53.179000,2020-10-19 09:30:57.908000,184.729,22,122,0,100,,366C5978,United Kingdom,United Kingdom,Part-Time,English,"Scots, Spanish, English",United Kingdom,Female,Yes
5f8d5c26dae49902fab5fcdd,5f2b327828fa8b555f54f3cf,AWAITING REVIEW,2020-10-19 09:28:08.783000,2020-10-19 09:39:23.174000,674.391,28,65,0,100,,366C5978,United Kingdom,United Kingdom,Part-Time,English,English,United Kingdom,Female,Yes
5f8d5c33aeb59702a9727ea9,5ca627e7fd1c600001886b81,AWAITING REVIEW,2020-10-19 09:28:29.946000,2020-10-19 09:35:34.591000,424.645,23,148,4,97,,366C5978,United Kingdom,United Kingdom,Part-Time,English,English,United Kingdom,Female,Yes
5f8d5c4769dc1a0351d0079c,5ced1fa61a1bab00019da38b,AWAITING REVIEW,2020-10-19 09:28:41.901000,2020-10-19 09:31:40.814000,178.913,41,218,2,100,,366C5978,United Kingdom,United Kingdom,Full-Time,English,English,United Kingdom,Female,Yes
5f8d5c779eab3e03514c47be,5c76d0c99f29bd0017348bad,AWAITING REVIEW,2020-10-19 09:29:31.440000,2020-10-19 09:32:52.650000,201.21,23,122,1,100,,366C5978,Portugal,United Kingdom,Part-Time,Portuguese,"English, Portuguese",Portugal,Female,Yes
5f8d5c7858e15c03534ed546,5efc3f7cb75578000be8df36,AWAITING REVIEW,2020-10-19 09:29:30.939000,2020-10-19 09:32:02.996000,152.057,27,48,0,100,,366C5978,United Kingdom,,Other,English,English,United Kingdom,Female,Yes
5f8d5c7dcec1280252a07a0b,5eaf0cbc48b26f5e7d7c574f,AWAITING REVIEW,2020-10-19 09:32:18.373000,2020-10-19 09:37:14.303000,295.93,21,77,0,100,,366C5978,United Kingdom,United Kingdom,Full-Time,English,English,United Kingdom,Female,Yes
5f8d5cc177a24d02a910dbd5,5edcc35d9e6b4a994c3458a7,AWAITING REVIEW,2020-10-19 09:30:44.360000,2020-10-19 09:33:23.539000,159.179,27,68,0,100,,366C5978,Bangladesh,United Kingdom,Unemployed (and job seeking),Bengali,"Bengali, English, Hindi, Urdu",Canada,Male,Yes
5f8d5ccc2a240a0306734957,5d56bbc4e2a7330001ed2fcf,AWAITING REVIEW,2020-10-19 09:30:55.228000,2020-10-19 09:37:11.543000,376.315,21,31,0,100,,366C5978,Poland,United Kingdom,Other,Polish,"English, Polish",United Kingdom,Male,Yes
5f8d5cdc8d81f403502c6288,5b0abc9ce9270900013b950d,AWAITING REVIEW,2020-10-19 09:31:14.349000,2020-10-19 09:35:32.206000,257.857,23,273,2,100,,366C5978,United Kingdom,United Kingdom,Unemployed (and job seeking),English,English,United Kingdom,Female,Yes
5f8d5ce4d8405702fe782aa4,5aa43fc1dbdb470001ef45ec,AWAITING REVIEW,2020-10-19 09:31:20.299000,2020-10-19 09:35:15.160000,234.861,26,268,1,100,,366C5978,United Kingdom,United Kingdom,Full-Time,English,English,United Kingdom,Male,Yes
5f8d5cf70f61eb037196e8a0,5f061c45dbe676138c827a49,AWAITING REVIEW,2020-10-19 09:31:49.219000,2020-10-19 09:35:24.243000,215.024,25,14,2,95,,366C5978,United Kingdom,United Kingdom,Full-Time,English,English,United Kingdom,Female,Yes
5f8d5d33943f8702ad3a1643,5b706b7760d30c000176abf5,AWAITING REVIEW,2020-10-19 09:32:35.737000,2020-10-19 09:35:18.402000,162.665,22,204,1,100,,366C5978,Poland,United Kingdom,Other,Polish,"Polish, German, English",Poland,Female,Yes
5f8d5d38bef78f02c5c10cfa,5c2d172ce26399000179a138,AWAITING REVIEW,2020-10-19 09:32:40.926000,2020-10-19 09:35:51.041000,190.115,21,206,5,95,,366C5978,United Kingdom,United Kingdom,"Not in paid work (e.g. homemaker', 'retired or disabled)",English,English,United Kingdom,Male,Yes
5f8d5d65253aec0353eb0026,5dbdac8186dae62e02b30441,TIMED-OUT,2020-10-19 09:33:31.928000,,14084.028242,22,172,1,100,,,United Kingdom,United Kingdom,Other,English,English,United Kingdom,Male,Yes
5f8d5d796496520360ef888c,5e4250d9fb96eb0def6db974,AWAITING REVIEW,2020-10-19 09:33:53.513000,2020-10-19 09:36:10.727000,137.214,30,154,1,100,,366C5978,United Kingdom,United Kingdom,Part-Time,English,English,United Kingdom,Female,Yes
5f8d672e0cd24603f6bf2342,5d3cb6625ca28800166c8ffc,AWAITING REVIEW,2020-10-19 10:15:10.864000,2020-10-19 10:19:28.572000,257.708,19,187,1,100,,366C5978,United Kingdom,United Kingdom,Part-Time,Spanish,English,United Kingdom,Male,Yes
5f8d8c3f10522808a87316f1,5f316eef21591a012b2f07a9,AWAITING REVIEW,2020-10-19 12:53:19.867000,2020-10-19 12:55:26.037000,126.17,18,11,0,100,,366C5978,United Kingdom,United Kingdom,Other,DATA EXPIRED,English,United Kingdom,Male,Yes
5f8d8c42e37e210909959fac,5f2a9cd9c6a25d2ed46b3181,AWAITING REVIEW,2020-10-19 12:53:22.192000,2020-10-19 12:58:02.459000,280.267,23,43,0,100,,366C5978,United Kingdom,United Kingdom,Other,English,English,United Kingdom,Female,Yes
5f8d8c464cf70e09173233d2,5f7c5706e7a572044cce1f69,RETURNED,2020-10-19 12:53:26.448000,,2090.46509,20,7,0,100,,,CONSENT REVOKED,CONSENT REVOKED,CONSENT REVOKED,CONSENT REVOKED,CONSENT REVOKED,CONSENT REVOKED,CONSENT REVOKED,CONSENT REVOKED
5f8d8c5568198208a829cd6d,5823405287f6b90001f14290,AWAITING REVIEW,2020-10-19 12:53:41.459000,2020-10-19 12:56:22.675000,161.216,22,63,1,100,,366C5978,United Kingdom,United Kingdom,Other,English,English,United Kingdom,Male,Yes
5f8d8c5bba192d08aa8ebc0d,5f74db5d6e5d2c1152228f52,AWAITING REVIEW,2020-10-19 12:53:47.879000,2020-10-19 12:55:42.524000,114.645,20,16,1,99,,366C5978,United Kingdom,United Kingdom,Other,,English,United Kingdom,Male,Yes
5f8d8c605950200808439664,5ca759bd6bbed400194aeb9a,AWAITING REVIEW,2020-10-19 12:53:55.762000,2020-10-19 12:58:05.619000,249.857,47,305,2,100,,366C5978,United Kingdom,United Kingdom,Part-Time,English,English,United Kingdom,Male,Yes
5f8d8c66d077b10901fa89ee,5788d88416a091000112be18,AWAITING REVIEW,2020-10-19 12:54:33.414000,2020-10-19 12:58:38.500000,245.086,54,85,0,100,,366C5978,United Kingdom,United Kingdom,Part-Time,English,English,United Kingdom,Female,Yes
5f8d8c6768198208a829cd6e,5ec3e7e479409d276787c139,AWAITING REVIEW,2020-10-19 12:54:00.785000,2020-10-19 12:56:04.289000,123.504,19,53,1,100,,366C5978,United Kingdom,United Kingdom,Unemployed (and job seeking),English,"Portuguese, English",United Kingdom,Male,Yes
5f8d8c675d158808a86e6267,5f4cf6a35723050782ee1f54,AWAITING REVIEW,2020-10-19 12:53:59.714000,2020-10-19 12:56:51.656000,171.942,19,30,0,100,,366C5978,United Kingdom,United Kingdom,"Not in paid work (e.g. homemaker', 'retired or disabled)",DATA EXPIRED,English,United Kingdom,Male,Yes
5f8d8c68d89ea008416411bb,5eedd323bd4b2f20c754a496,AWAITING REVIEW,2020-10-19 12:54:00.121000,2020-10-19 12:56:33.566000,153.445,22,79,1,100,,366C5978,United Kingdom,United Kingdom,Full-Time,English,English,United Kingdom,Female,Yes
5f8d8c6880b8e008ee13086c,5f19675f002f9a01e273dc57,AWAITING REVIEW,2020-10-19 12:54:04.442000,2020-10-19 12:57:01.791000,177.349,49,54,0,100,,366C5978,United Kingdom,United Kingdom,"Not in paid work (e.g. homemaker', 'retired or disabled)",English,English,United Kingdom,Female,Yes
5f8d8c690bc7e20845b8c487,5f5d3a0514f72258dedea6dc,AWAITING REVIEW,2020-10-19 12:54:01.404000,2020-10-19 12:56:20.997000,139.593,19,27,0,100,,366C5978,United Kingdom,United Kingdom,Full-Time,DATA EXPIRED,English,United Kingdom,Male,Yes
5f8d8c6b64ecb008eeb8eaeb,5bf57133345b9b00016ef0a7,AWAITING REVIEW,2020-10-19 12:54:06.480000,2020-10-19 12:58:34.941000,268.461,24,104,0,100,,366C5978,United Kingdom,United Kingdom,Due to start a new job within the next month,English,English,United Kingdom,Female,Yes
5f8d8c6f6331fb08ac399570,5eed14f9c71a701260df7784,AWAITING REVIEW,2020-10-19 12:54:22.401000,2020-10-19 13:01:33.293000,430.892,19,62,0,100,,366C5978,Poland,United Kingdom,Other,Polish,"English, Polish",United Kingdom,Female,Yes
5f8d8c717e68750951700a7f,5eb31b5a9d6676100566f6ce,AWAITING REVIEW,2020-10-19 12:54:26.445000,2020-10-19 12:56:38.226000,131.781,25,123,0,100,,366C5978,United Kingdom,United Kingdom,Full-Time,English,English,United Kingdom,Female,Yes
5f8d8c74af903e084a2970c0,5e9ec8f7e16784000beea696,AWAITING REVIEW,2020-10-19 12:54:12.886000,2020-10-19 12:57:22.726000,189.84,21,142,0,100,,366C5978,United Kingdom,United Kingdom,Other,English,English,United Kingdom,Female,Yes
5f8d8c7bc973c108f4f14151,5ec3c126840c7222d093ccc1,AWAITING REVIEW,2020-10-19 12:54:27.873000,2020-10-19 12:57:02.620000,154.747,23,78,0,100,,366C5978,United Kingdom,United Kingdom,Unemployed (and job seeking),English,English,United Kingdom,Male,Yes
5f8d8c81a43aba08a07c65ef,5f28431d82be890d2f58a32d,AWAITING REVIEW,2020-10-19 12:54:36.352000,2020-10-19 12:56:46.155000,129.803,25,63,0,100,,366C5978,United Kingdom,United Kingdom,Part-Time,English,English,United Kingdom,Female,Yes
5f8d8c8166efcf09031eafc3,59a6cb481363d9000167685c,AWAITING REVIEW,2020-10-19 12:54:25.870000,2020-10-19 12:57:03.755000,157.885,29,243,0,100,,366C5978,United Kingdom,United Kingdom,Part-Time,English,"English, German",United Kingdom,Female,Yes
5f8d8c88ca1d0408b4f86127,5e9e2d1e910d622008696d04,AWAITING REVIEW,2020-10-19 12:54:32.159000,2020-10-19 12:58:13.235000,221.076,36,64,1,100,,366C5978,Iran,United Kingdom,Part-Time,Kurdish,"English, Farsi, Kurdish",Iran,Male,Yes
5f8d8c8ab469db093bfddab9,5e3d857264d5e6000dd34f3e,AWAITING REVIEW,2020-10-19 12:54:59.664000,2020-10-19 12:56:35.345000,95.681,22,197,2,100,,366C5978,United Kingdom,United Kingdom,Other,English,English,United Kingdom,Female,Yes
5f8d8c8b2c54db08eea7ff39,5d5952e7e1e7440016132cb5,AWAITING REVIEW,2020-10-19 12:54:38.566000,2020-10-19 12:56:46.363000,127.797,33,46,1,100,,366C5978,United Kingdom,United Kingdom,Full-Time,English,English,United Kingdom,Female,Yes
5f8d8c8f5b296c07f17dc2ad,542c323bfdf99b324ea3808d,AWAITING REVIEW,2020-10-19 12:54:43.497000,2020-10-19 12:57:10.316000,146.819,48,910,8,100,,366C5978,United Kingdom,United Kingdom,Part-Time,English,"English, Spanish, French",United Kingdom,Female,Yes
5f8d8c91b3489509583ac5b0,5f16c30d59ac784a401cb353,AWAITING REVIEW,2020-10-19 12:54:41.118000,2020-10-19 12:59:04.540000,263.422,18,32,0,100,,366C5978,United Kingdom,United Kingdom,Part-Time,English,English,United Kingdom,Female,Yes
5f8d8c9442304b08a7b2b94d,5f29ed73209c1b1a178602e3,AWAITING REVIEW,2020-10-19 12:54:44.403000,2020-10-19 12:59:36.701000,292.298,24,34,0,100,,366C5978,Nigeria,United Kingdom,Unemployed (and job seeking),DATA EXPIRED,English,Nigeria,Male,Yes
5f8d8d4730716508a0396fdf,5f2bf5a67c462f000968a4e8,AWAITING REVIEW,2020-10-19 12:57:43.033000,2020-10-19 12:59:59.587000,136.554,19,7,0,100,,366C5978,United Kingdom,United Kingdom,Unemployed (and job seeking),,English,United Kingdom,Male,Yes
