1,20,17,77,2,79,86,72,2,99,98,96,2,51,99,43,1,70,51,30,1,60,14,24,2,66,51,20,2,75,84,84,1,22,10,92,1,17,25,73,2,95,86,87,2,51,51,30,1,73,3,34,2,80,99,66,2,97,51,51,1,26,51,24,1,5,10,89,2,84,86,89,2,73,94,80,1,73,3,51,1,25,26,76,2,79,51,51,2,78,82,86,1,10,13,87,1,98,2,100,2,72,92,98,2,51,60,13,2,19,51,51,1,14,16,65,2,34,89,32,1,20,16,83,1,21,22,72,2,95,95,95,1,5,7,87,2,80,86,84,2,100,100,88,1,51,51,65,1,65,11,66,1,30,4,72,1,64,4,62,1,51,34,15,1,61,35,10,1,51,51,7,1,74,16,19,1,6,0,99,1,3,1,100,2,72,88,58,2,58,60,60,1,2,5,72,2,74,77,59,1,51,51,13,2,86,89,80,2,95,94,94,2,86,87,29,1,26,51,12,1,51,51,17,1,3,2,51,2,78,97,22,2,83,92,36,1,20,3,74,1,7,9,81,1,7,2,90,1,64,8,54,1,66,51,20,1,60,5,28,2,51,51,10,1,19,19,15,2,81,98,35,1,75,6,84,1,51,51,68,1,23,4,79,2,84,51,51,1,57,29,10,1,51,51,65,2,94,83,92,1,51,51,7,2,99,100,83,1,49,51,10,1,51,30,3,1,9,4,51,1,13,12,15,2,66,51,9,1,71,51,75,1,80,27,71,1,59,51,62,2,51,51,69,2,84,87,88,1,17,0,64,1,73,1,81,1,70,22,81,1,59,51,83,1,14,21,88,1,51,51,51,2,88,100,95,1,72,10,96,1,7,0,92,1,73,51,60,2,95,100,92,1,16,0,71,1,51,51,12
2,80,97,82,2,79,91,92,2,91,90,95,2,72,93,98,1,34,23,36,2,70,80,80,2,87,91,83,2,86,96,84,2,80,87,98,1,13,8,87,2,96,96,93,2,77,81,83,1,17,11,72,2,82,74,76,1,12,6,65,1,33,33,41,2,62,56,56,1,25,25,73,2,92,92,91,2,61,67,76,1,3,1,94,2,86,86,89,2,92,94,93,1,28,25,60,1,0,2,89,1,2,3,83,1,51,51,51,2,57,57,56,2,71,67,76,2,60,60,64,2,79,84,79,1,25,23,77,2,88,100,90,1,12,8,69,2,92,93,93,2,94,96,97,2,85,87,90,1,6,3,63,1,13,14,47,2,83,83,83,1,27,33,41,1,6,6,62,1,19,32,39,2,90,91,92,2,95,98,98,1,2,1,64,2,78,84,84,1,21,22,38,1,41,42,45,2,69,69,77,1,41,42,45,2,94,98,97,2,97,97,96,2,88,96,92,1,31,22,41,2,56,55,54,1,29,31,45,2,81,85,85,1,25,28,34,2,86,92,91,1,11,22,69,1,15,15,36,2,67,64,63,2,85,88,82,2,76,74,77,1,24,26,33,1,42,45,47,2,94,95,94,1,34,33,40,1,22,17,57,1,29,29,45,1,34,40,40,1,35,37,42,2,68,64,61,2,93,94,94,2,72,72,72,2,67,68,67,2,67,67,68,1,19,17,65,1,9,7,73,2,81,82,86,2,85,90,85,2,73,73,76,2,75,75,76,2,55,53,54,1,35,25,42,2,72,72,71,1,26,28,34,1,21,33,32,1,33,18,33,2,84,85,87,1,38,37,54,1,24,36,41,2,66,67,72,2,90,92,93,1,10,5,80,2,61,59,59,2,88,91,91,1,20,10,77,1,40,43,43
2,75,75,80,2,67,62,69,1,63,69,66,2,61,69,70,1,63,69,65,1,65,62,76,1,69,67,73,2,65,70,70,2,71,76,74,1,64,64,67,2,67,72,68,2,65,65,72,2,62,64,71,1,62,66,64,2,61,58,64,2,61,63,65,2,61,70,68,2,62,66,64,1,62,70,67,2,63,61,65,2,58,61,60,1,61,67,68,2,63,70,64,2,61,65,62,2,63,61,66,1,66,62,62,2,65,61,66,1,68,67,65,1,62,67,78,2,62,72,72,2,70,67,67,2,73,68,67,1,67,69,65,1,71,66,69,2,63,59,71,2,69,64,67,1,73,81,76,2,72,67,76,2,73,69,67,1,70,67,72,2,79,72,75,2,70,71,69,1,74,69,73,2,74,67,74,1,79,71,88,2,74,87,75,1,84,81,82,1,78,73,80,2,73,67,77,2,78,69,77,1,82,75,82,2,75,81,84,1,80,83,80,2,74,84,75,2,81,80,87,1,76,86,83,2,83,81,82,2,70,77,77,2,76,83,79,1,74,83,75,2,78,84,79,2,80,74,86,2,78,76,86,2,79,70,86,1,76,77,82,2,81,77,85,2,76,71,75,2,86,73,86,2,84,76,84,1,84,77,83,2,80,72,84,2,75,88,90,2,85,88,82,1,80,90,80,2,73,81,83,2,78,93,84,2,87,80,92,1,82,93,81,2,89,82,89,2,83,81,93,1,89,91,91,1,80,89,81,2,74,85,87,2,68,85,90,1,70,87,84,2,66,80,80,2,59,83,74,2,74,80,76,2,70,82,78,1,74,82,90,1,78,74,83,2,70,85,82,2,73,84,74,1,71,84,75,2,66,76,80,2,87,80,86,1,82,82,82,2,75,86,76,2,79,72,87,1,81,78,91
2,75,100,91,2,58,90,55,2,93,75,85,2,76,75,50,1,28,5,37,2,98,97,99,2,79,90,77,2,62,90,54,1,50,50,50,1,9,80,91,2,64,85,56,2,90,80,90,2,59,81,65,2,90,90,97,2,91,99,96,1,42,35,50,2,43,50,50,2,65,71,70,2,71,80,75,1,36,50,40,1,14,3,4,1,56,31,63,2,70,70,70,1,40,50,50,1,5,1,3,2,65,72,65,2,50,50,50,1,50,33,50,2,71,86,65,2,38,64,50,2,57,66,56,2,16,50,28,2,96,99,99,1,59,43,58,2,58,81,57,2,99,100,100,1,59,57,60,1,19,8,16,1,33,0,35,2,43,76,50,2,63,82,72,2,54,74,58,2,50,61,50,1,81,50,70,2,100,100,100,1,43,7,38,2,71,95,78,2,76,50,73,2,70,77,62,2,34,63,46,1,41,50,50,2,100,100,100,2,96,100,96,2,57,88,59,2,50,55,58,1,50,50,50,1,36,43,40,2,26,76,33,2,55,69,60,2,62,67,65,2,71,96,76,1,50,46,50,1,65,50,62,2,70,56,73,2,57,50,50,2,50,63,50,1,42,19,51,2,63,100,60,1,37,3,38,1,13,0,10,1,6,2,5,1,50,44,50,1,50,50,50,2,95,91,98,2,92,100,99,2,54,58,54,2,57,50,57,2,69,85,77,1,26,9,23,1,3,0,2,2,42,50,50,2,40,67,38,2,97,97,98,2,82,87,81,2,50,50,50,2,55,100,79,2,68,100,81,2,86,100,86,1,61,43,57,1,2,1,2,1,42,45,44,1,19,9,14,1,51,43,50,1,50,47,50,2,98,94,98,1,25,0,7,2,94,96,97,2,100,100,100,2,73,81,81,2,69,90,75
2,92,91,94,2,90,90,92,2,88,93,92,2,92,91,98,2,87,93,95,2,94,95,96,2,92,97,93,2,89,95,95,1,23,29,18,2,98,96,97,2,100,97,100,2,93,95,99,1,12,12,19,2,90,93,93,2,90,92,91,2,87,88,91,1,26,30,28,2,89,89,84,2,88,92,90,1,19,17,25,2,87,94,89,1,15,22,20,2,94,96,96,1,22,23,24,2,89,89,92,2,93,93,91,1,17,20,24,2,92,90,94,1,24,25,30,2,90,87,84,1,16,24,25,2,89,84,90,2,91,90,89,2,92,89,92,2,89,93,90,2,90,92,94,1,21,33,28,2,92,85,90,2,89,85,86,2,92,89,92,1,21,19,19,1,20,28,26,2,83,89,88,2,91,89,88,2,92,90,93,2,94,87,90,2,95,91,95,2,97,92,93,1,17,23,24,2,89,91,91,2,96,92,92,2,90,88,92,2,94,94,94,1,18,22,23,2,86,92,88,1,20,18,21,2,85,86,89,2,86,90,90,1,32,26,25,2,91,89,90,1,21,26,24,2,91,90,90,2,89,91,93,2,87,89,93,2,91,89,92,1,17,18,24,1,15,17,18,2,93,91,90,2,91,91,92,1,10,17,20,2,93,88,90,1,18,19,21,1,19,17,18,2,87,86,91,2,86,89,91,1,13,19,22,1,18,29,33,2,86,88,91,2,90,91,89,1,11,21,26,2,90,88,86,2,93,92,89,1,16,25,23,1,19,32,26,2,92,90,87,1,24,35,31,2,86,85,88,2,92,87,88,1,25,32,32,1,24,28,23,1,19,18,22,1,20,23,24,2,87,86,87,2,81,89,89,2,91,91,91,2,90,87,87,1,18,20,25,2,86,88,88,2,89,88,93,2,86,85,94
2,85,100,81,2,67,100,97,2,100,100,100,2,88,100,92,1,35,0,37,2,100,100,90,1,75,0,36,2,55,85,55,2,80,100,65,1,30,20,43,2,83,83,67,1,16,0,14,1,76,100,69,2,86,100,96,2,100,100,100,2,70,100,70,1,47,1,44,2,63,70,61,2,90,100,92,1,58,33,55,1,36,0,41,2,59,100,67,1,38,0,23,1,40,0,45,1,0,0,0,2,53,69,53,1,56,0,55,2,54,90,56,2,83,100,85,2,62,100,62,1,61,0,55,2,53,100,53,2,76,100,85,1,35,0,22,2,69,100,79,2,100,100,100,2,57,58,55,1,3,0,6,1,38,0,35,2,74,92,80,1,55,21,56,2,46,100,53,2,74,100,80,2,82,79,83,2,92,81,90,1,19,0,8,1,76,0,48,2,68,85,78,1,32,0,17,1,61,0,46,1,53,0,53,2,91,100,91,2,83,100,91,2,76,100,80,2,53,93,53,2,54,100,62,2,55,66,59,2,88,100,86,2,64,100,68,2,71,82,71,2,59,70,68,1,54,100,65,2,69,72,72,2,69,100,72,1,58,0,55,1,55,6,54,1,42,0,40,2,70,100,78,1,53,20,53,1,30,0,32,1,2,0,4,2,51,100,53,1,58,0,53,1,53,20,54,2,0,0,0,2,71,100,86,2,85,100,91,1,53,0,55,1,5,0,4,1,8,0,5,2,61,100,88,1,55,0,55,1,54,26,53,1,55,47,53,2,97,99,97,1,46,0,47,2,59,100,61,1,46,40,47,1,57,6,57,2,61,100,59,2,87,84,88,1,45,34,46,2,58,55,59,2,77,100,82,1,55,2,54,1,4,0,1,2,96,98,96,2,100,100,100,1,33,6,31,1,58,0,51
2,71,100,70,2,81,100,90,2,91,99,91,1,81,51,82,1,11,100,92,1,72,0,67,2,97,50,86,1,84,0,87,1,36,10,51,1,1,2,5,2,99,97,97,1,49,30,50,1,21,0,29,2,82,100,77,2,100,100,100,2,51,51,51,2,88,50,78,2,96,97,96,2,100,100,100,2,91,100,94,1,7,0,6,1,67,20,67,2,73,50,71,1,75,50,73,1,15,0,11,2,72,100,82,2,91,100,94,2,73,50,80,2,91,100,93,2,80,50,79,2,84,75,88,1,70,50,79,2,88,100,92,1,49,20,66,2,94,100,93,2,100,100,100,1,51,10,66,1,0,0,0,1,0,0,0,2,85,100,88,2,88,100,90,2,51,100,58,2,70,50,76,2,95,80,93,2,99,100,97,1,11,0,6,2,91,100,95,2,72,81,76,2,98,100,98,2,81,100,86,2,51,51,51,2,51,100,51,2,51,100,51,2,51,100,51,2,51,51,51,1,51,51,51,1,51,51,51,2,51,51,51,1,51,51,51,2,51,68,51,2,51,68,51,1,27,0,29,2,67,86,70,2,51,100,51,1,51,51,51,2,51,51,51,1,51,20,51,2,95,100,94,1,28,0,20,1,29,0,19,1,29,0,21,2,51,83,51,2,51,51,51,2,51,51,51,2,90,97,93,2,83,92,86,2,51,51,51,2,64,86,71,1,18,0,19,1,8,1,16,2,72,88,74,2,69,80,70,2,100,100,100,2,51,51,51,2,51,51,51,1,51,18,51,2,51,51,51,1,51,17,51,1,51,0,51,2,51,0,51,2,51,51,51,1,10,0,13,1,32,0,31,2,84,100,85,2,96,100,94,1,51,0,51,2,86,59,81,2,100,100,100,1,0,0,0,2,51,51,51
1,21,20,75,2,81,85,81,1,17,14,62,2,81,71,62,2,77,66,70,2,87,88,66,2,81,70,61,1,26,17,23,1,28,51,37,1,26,45,34,2,78,73,67,1,23,28,37,2,68,81,73,2,89,87,92,2,81,86,76,1,22,33,26,1,12,19,17,2,56,54,25,2,67,83,57,2,78,88,59,1,7,18,74,2,82,77,78,2,89,85,75,1,19,25,19,1,4,6,33,2,78,74,72,1,13,21,22,2,83,72,61,2,83,74,77,2,84,71,80,2,69,86,70,1,13,27,14,2,82,71,71,1,5,16,11,2,83,70,74,2,79,88,76,2,73,82,73,2,82,76,82,1,9,24,31,2,81,73,84,1,25,10,24,2,82,75,66,2,71,79,65,2,77,84,72,2,81,65,64,1,13,21,17,2,60,56,26,2,64,51,59,1,14,51,18,2,62,56,58,1,21,31,20,2,73,62,68,1,17,25,10,2,70,82,70,1,20,14,25,2,69,51,68,1,28,44,22,2,80,75,86,2,82,74,82,1,33,51,30,2,67,61,69,1,15,18,10,2,85,74,83,1,15,25,18,1,26,13,20,1,22,51,23,1,20,51,36,2,87,71,81,2,72,60,50,1,17,51,28,1,21,25,20,1,23,51,17,1,7,11,31,1,10,49,29,2,69,78,64,1,17,51,11,2,59,51,57,1,25,12,15,1,13,51,17,1,21,51,12,2,58,55,65,1,22,6,61,2,81,79,84,2,63,51,62,2,73,59,62,1,28,51,29,2,80,64,77,1,10,6,41,2,74,51,57,2,91,86,88,2,93,81,85,1,13,21,30,1,13,51,26,2,92,80,89,2,88,75,86,1,11,22,17,2,77,71,76,2,88,79,83,1,20,17,17,1,24,51,28
2,90,82,91,2,86,82,91,2,79,86,72,2,86,86,78,2,79,91,73,2,82,92,85,2,81,87,79,2,72,79,74,2,76,86,79,1,59,64,66,2,69,79,69,2,70,84,70,2,72,86,78,2,82,78,92,2,83,80,77,2,71,83,89,2,75,79,81,2,74,80,88,2,80,76,91,2,76,75,86,2,80,80,72,2,74,89,82,2,78,89,79,1,76,88,77,2,73,87,80,2,76,88,79,1,82,88,84,2,74,88,81,2,82,79,96,2,77,86,75,2,79,75,83,1,82,84,73,2,76,79,76,2,76,89,78,2,77,76,78,2,70,81,73,2,71,89,78,2,86,80,88,1,81,74,85,2,84,80,90,1,74,84,88,2,81,79,84,2,79,72,86,1,76,70,79,2,74,73,86,2,73,86,76,2,74,84,77,1,73,79,82,2,78,88,81,1,82,73,91,2,77,75,88,2,85,79,89,1,71,84,76,2,80,70,81,2,72,88,77,2,78,76,86,1,83,74,87,2,69,82,65,2,82,79,91,1,84,71,90,1,76,84,77,2,86,81,87,1,78,73,89,1,75,90,74,1,82,81,94,2,89,80,93,1,86,83,96,1,70,86,71,2,68,90,77,2,82,75,93,1,78,69,88,2,77,93,76,2,84,81,93,2,89,79,90,2,83,76,85,2,84,74,85,1,80,65,87,2,87,79,92,2,60,81,69,1,68,81,71,2,80,73,85,1,83,77,93,1,86,80,87,2,75,64,80,2,65,64,56,1,61,76,67,1,74,68,80,2,77,68,58,1,63,73,57,1,65,71,64,2,72,65,78,2,72,82,73,1,75,70,85,2,69,75,70,1,69,61,73,1,78,68,85,2,79,71,74,1,74,63,80,2,67,82,74,2,63,86,71
2,92,100,100,2,80,100,87,2,80,80,80,2,95,100,96,1,4,0,5,2,100,100,100,1,30,19,15,2,85,95,94,1,15,0,15,1,5,0,5,2,100,100,100,2,76,83,79,1,0,0,0,2,100,100,100,2,98,100,99,2,90,100,95,2,74,71,76,2,84,88,84,2,100,100,100,2,71,76,62,1,0,0,0,1,82,30,56,2,72,80,72,1,0,0,0,1,0,0,0,2,100,100,100,2,65,80,60,2,67,60,65,2,77,64,75,2,66,81,67,2,75,90,82,1,62,50,71,2,100,100,100,1,0,0,0,2,100,100,100,2,100,100,100,1,10,0,3,1,10,0,7,1,0,0,0,2,90,88,90,1,46,50,48,1,22,29,26,2,76,95,77,2,97,99,94,2,100,100,100,1,0,0,0,2,97,100,95,2,90,100,93,2,99,100,98,2,82,90,80,2,80,90,83,2,100,100,100,2,100,100,100,2,90,95,91,1,62,35,69,2,80,100,88,1,22,28,21,2,80,100,91,1,35,20,35,2,80,75,68,1,40,30,38,1,11,0,7,2,70,60,68,2,80,100,75,1,0,0,0,1,42,32,37,1,6,12,17,2,96,100,96,1,6,0,5,2,40,80,64,1,0,0,0,2,90,100,94,1,20,10,17,1,31,40,33,2,100,100,100,2,100,100,95,2,85,91,80,1,15,28,26,1,10,0,7,1,0,0,0,2,86,100,91,1,20,0,12,2,95,100,94,2,80,90,86,2,86,95,85,1,5,0,4,2,95,100,94,1,10,0,7,2,80,90,81,2,79,100,92,2,70,60,64,1,4,0,3,1,20,29,18,2,90,100,87,2,100,100,100,1,1,0,0,2,87,90,90,2,86,100,90,1,18,14,33,2,50,50,60
1,66,56,77,2,66,80,67,2,92,58,72,2,70,64,75,2,67,83,67,2,70,65,82,2,76,64,75,2,74,73,80,2,78,63,81,2,65,82,78,1,39,25,44,1,45,43,37,1,41,48,36,1,46,44,54,2,55,56,47,2,56,55,48,2,56,46,53,2,55,47,56,2,53,61,87,2,56,61,75,1,34,34,30,1,64,53,67,1,32,34,40,1,34,24,45,1,36,20,27,1,34,43,37,1,64,47,48,2,72,60,79,1,60,45,46,1,42,42,33,1,36,42,33,1,29,41,36,1,36,31,38,2,77,87,77,1,35,24,35,1,41,33,41,2,77,64,81,1,35,68,43,1,66,44,58,1,69,43,70,1,73,39,72,2,68,56,74,1,60,45,36,1,42,47,66,2,70,80,69,2,57,73,66,1,64,57,71,2,67,76,65,1,64,75,65,2,65,79,73,1,70,54,68,2,62,74,62,1,68,57,82,2,70,80,69,2,63,57,67,2,51,51,52,1,51,51,51,1,70,78,76,2,73,82,75,2,74,51,51,2,58,71,54,2,70,57,75,1,44,43,47,1,69,54,67,2,63,78,67,2,75,73,61,2,73,66,74,2,63,67,59,2,69,63,77,2,66,82,75,1,69,58,74,1,44,38,33,2,51,51,51,1,67,69,70,2,100,100,100,2,74,86,81,2,51,51,51,2,51,51,51,1,51,51,51,1,72,85,75,2,77,89,84,1,72,82,74,2,78,85,82,2,76,81,79,2,51,51,51,2,51,61,64,2,51,51,51,2,51,51,56,1,51,51,51,1,51,51,51,2,51,51,51,2,59,63,72,1,72,91,90,2,92,84,92,2,76,90,86,1,34,23,47,2,51,51,51,2,58,79,82,2,47,51,51,2,51,51,64
1,23,13,15,2,82,73,78,1,88,69,66,1,25,6,73,2,100,100,100,2,100,100,100,2,58,61,54,2,78,78,69,2,76,61,62,1,60,53,64,2,100,100,100,2,71,82,73,2,61,55,55,2,73,85,85,2,100,100,100,1,35,33,44,2,80,86,75,2,100,100,100,2,100,100,100,1,10,16,18,1,0,0,84,1,12,8,75,2,100,100,100,1,10,10,21,1,29,26,40,2,92,93,83,2,56,63,53,2,75,75,68,2,86,91,77,2,60,59,59,2,89,92,86,1,35,29,45,2,100,100,100,2,66,82,62,2,97,100,92,2,100,100,100,2,70,57,91,1,0,0,100,2,100,100,100,2,70,57,66,1,62,29,35,2,38,64,16,2,70,59,60,2,75,62,90,2,100,100,100,2,90,78,90,2,100,100,100,2,86,68,95,2,100,100,100,2,78,85,81,2,76,62,73,2,65,70,61,2,100,100,100,2,100,100,100,2,82,100,64,1,63,41,38,2,78,87,69,2,90,100,94,1,41,31,63,2,86,50,69,2,90,93,83,1,64,36,45,1,44,37,38,2,91,100,87,2,61,55,30,1,64,33,35,1,69,38,41,2,100,100,100,2,79,87,78,2,86,100,90,1,0,0,100,2,66,64,65,1,36,32,54,1,69,45,73,2,100,100,100,2,81,95,84,2,58,56,63,2,84,87,79,1,18,11,61,1,5,0,86,2,78,79,64,1,57,24,66,1,0,0,100,2,82,91,95,2,76,88,80,2,81,85,86,2,89,98,85,1,79,28,60,2,100,100,100,2,84,97,86,2,73,88,77,1,39,18,80,2,84,75,80,2,75,79,68,2,100,100,100,1,0,0,0,2,94,100,94,2,91,100,94,2,74,82,86,2,68,82,73
2,90,10,51,2,70,29,51,2,99,1,91,2,100,0,100,2,100,0,99,2,81,81,82,2,91,81,70,2,100,98,92,2,82,82,82,2,49,49,49,2,99,97,92,2,91,81,81,2,71,51,39,2,100,100,100,2,99,99,90,2,51,38,39,1,51,54,51,2,39,41,40,2,100,95,92,2,51,51,51,1,20,18,51,2,51,51,51,2,51,39,51,2,51,51,51,1,100,93,81,2,81,85,91,2,91,91,51,2,91,51,55,2,60,66,61,2,81,80,83,2,74,83,78,2,75,78,65,2,81,81,80,2,81,81,81,2,51,51,51,2,100,100,99,1,51,51,48,1,51,51,51,2,99,93,90,2,51,51,51,2,54,51,51,1,51,51,51,2,61,51,51,2,71,81,61,2,91,91,61,2,51,51,51,2,100,100,95,2,91,92,71,2,50,40,49,2,82,51,81,2,82,90,81,2,100,99,98,2,54,87,89,2,73,67,52,1,31,19,53,2,44,51,63,2,70,81,82,2,62,61,71,2,71,61,81,2,44,19,33,2,99,98,93,2,73,79,68,2,81,71,68,2,61,51,51,2,71,73,71,2,68,76,70,2,70,69,71,2,71,71,72,2,70,71,76,2,71,83,80,2,83,85,78,2,51,46,47,2,55,68,55,2,56,55,55,2,57,53,58,2,70,56,65,2,51,50,51,2,71,61,61,2,59,50,51,2,51,49,48,2,62,51,51,2,76,74,63,2,91,81,72,2,51,52,49,2,59,51,51,2,51,51,51,2,51,50,50,2,100,91,70,2,70,72,53,2,81,92,81,2,72,70,72,2,81,49,49,2,80,87,72,2,88,79,79,2,87,85,82,1,71,100,100,2,81,81,80,2,69,70,70,2,76,70,81,2,80,70,80
2,72,66,77,2,81,87,81,2,99,99,99,2,80,80,80,1,60,0,30,2,70,65,71,2,76,81,71,1,32,30,31,2,73,72,72,1,23,30,20,2,91,91,92,2,70,80,75,1,69,20,59,1,63,40,71,2,92,92,91,2,60,81,71,2,40,50,50,2,69,61,82,2,60,60,60,2,61,61,61,1,9,10,70,1,59,0,71,2,61,50,81,1,20,7,81,1,8,2,71,2,71,80,79,2,61,50,69,2,71,69,69,2,81,91,82,2,69,51,81,2,91,80,81,1,70,50,83,2,81,98,82,2,40,60,70,2,70,80,80,2,90,100,100,1,75,90,80,2,80,85,81,1,29,100,92,2,71,61,79,2,60,71,81,2,60,66,71,2,60,71,60,1,29,29,40,2,80,81,81,1,9,0,19,2,71,93,80,2,59,71,69,1,18,0,20,2,60,81,70,2,71,50,81,2,91,100,92,2,91,100,91,2,69,59,71,2,59,59,60,2,69,50,82,2,70,70,70,2,70,81,85,1,41,29,39,2,70,50,61,2,81,92,82,1,39,24,28,2,70,70,70,2,80,81,81,2,71,71,71,1,40,50,40,1,30,50,18,2,87,92,89,2,61,82,80,2,93,92,92,1,7,0,5,2,71,70,69,1,29,19,19,1,30,30,28,2,81,86,87,2,70,50,71,2,71,50,81,2,72,73,73,1,19,17,8,1,19,14,9,2,72,72,71,2,78,77,77,2,80,82,81,2,72,60,69,2,70,70,71,2,59,70,72,2,72,73,74,1,40,50,40,2,71,60,72,1,21,10,9,2,61,50,60,2,60,60,60,1,30,30,30,2,70,81,80,2,91,91,91,1,71,92,92,2,71,81,80,2,82,92,93,1,28,30,17,2,61,50,70
2,88,81,87,2,91,94,95,1,18,25,28,2,84,87,91,2,84,91,93,2,90,92,93,1,37,36,33,2,88,87,93,2,94,94,95,2,95,92,94,2,92,96,96,2,96,95,95,2,91,92,98,1,40,37,36,2,94,95,96,2,90,95,93,2,94,95,91,2,89,94,93,1,37,27,29,2,90,92,96,2,92,92,94,2,91,92,92,2,94,92,94,2,92,94,95,2,96,93,91,2,96,93,96,2,94,99,97,2,93,97,93,2,90,99,95,2,93,90,96,2,84,89,88,2,87,94,95,2,93,95,96,1,28,32,35,2,94,96,96,2,97,97,97,2,96,99,98,2,97,95,96,2,93,94,96,2,98,94,96,2,94,95,94,2,95,95,95,1,29,36,37,2,42,40,37,2,95,94,93,2,94,96,94,2,96,95,94,2,98,96,99,2,98,96,97,2,98,96,98,2,95,98,95,2,93,96,93,2,94,93,96,2,98,97,95,2,95,95,98,2,98,97,96,2,94,95,94,2,96,97,97,2,96,91,97,2,98,97,96,1,21,33,27,2,93,95,93,2,94,95,94,2,92,96,94,2,91,92,94,2,92,96,97,2,94,95,98,2,94,93,92,2,95,97,96,2,91,96,93,2,96,94,95,2,99,96,98,2,97,100,98,2,95,93,98,2,95,96,98,2,95,98,100,2,94,96,96,2,95,99,96,2,90,96,96,2,96,96,97,2,95,95,96,2,94,97,99,2,92,95,99,2,92,93,94,2,94,98,97,2,90,97,97,2,97,97,97,2,91,95,95,2,94,95,94,2,91,94,92,2,93,96,93,2,89,96,97,2,89,93,95,2,92,93,96,2,96,95,98,2,95,97,96,2,100,100,98,2,92,96,98,2,93,95,98,2,98,95,96
2,91,98,95,2,95,85,98,2,94,97,99,1,98,86,96,1,97,87,98,2,93,98,91,2,96,89,100,2,92,97,89,2,94,96,89,2,95,94,97,2,97,93,95,2,98,92,99,2,93,100,96,2,94,99,94,2,94,97,90,2,97,90,98,2,96,98,91,2,100,90,98,2,98,93,99,2,99,92,98,2,96,99,94,1,95,99,93,2,96,90,98,2,96,99,96,1,99,92,99,2,96,96,99,2,97,93,98,2,97,90,99,2,99,89,100,2,98,90,98,2,98,91,100,2,98,87,99,2,96,100,93,2,97,90,96,2,93,85,100,2,98,92,99,2,97,93,100,1,99,89,98,2,97,88,99,2,94,98,88,2,97,92,100,2,99,91,98,2,91,99,93,2,94,94,98,2,97,86,97,2,95,98,90,2,98,86,97,2,95,99,92,2,96,86,98,2,93,99,93,2,95,99,92,2,99,94,98,2,100,94,98,2,96,98,94,2,95,100,95,2,98,95,98,2,98,95,100,2,96,96,100,1,95,99,93,2,99,88,98,2,98,91,98,2,99,91,99,2,95,100,93,2,100,94,99,1,100,91,100,1,98,91,100,2,96,89,100,2,98,92,99,2,100,90,99,2,100,94,98,2,99,92,99,2,96,96,99,2,100,89,99,2,98,92,100,2,96,99,91,2,98,92,100,2,100,100,99,2,99,98,100,1,99,97,99,1,99,91,100,2,96,100,98,2,97,100,96,2,100,89,100,2,98,99,93,1,99,95,99,2,99,99,91,2,100,94,99,2,92,100,92,2,100,91,100,2,95,91,98,2,97,90,100,2,94,98,94,2,97,88,100,2,95,100,96,2,98,97,100,2,99,94,100,2,98,94,98,2,99,94,99,2,99,99,93,2,95,100,93
2,86,85,75,2,65,85,67,2,67,87,62,1,66,63,64,2,62,73,78,2,64,69,77,2,78,89,81,2,63,78,70,1,75,64,77,1,55,81,59,2,65,66,85,2,62,73,64,2,62,77,60,2,65,75,65,2,71,82,66,2,64,60,66,2,67,78,77,2,66,81,64,2,76,67,74,2,62,86,67,2,63,68,57,2,68,85,59,1,32,44,61,2,60,77,60,1,90,93,95,2,89,97,86,2,65,55,40,2,38,35,39,2,41,58,36,2,61,79,63,2,60,70,78,2,59,62,74,2,63,63,65,2,40,56,56,1,34,56,62,1,57,56,58,1,71,89,64,1,61,32,35,2,62,77,61,2,64,72,75,2,67,73,37,2,62,73,59,2,61,76,58,1,55,73,67,1,62,75,58,2,45,58,59,2,65,75,58,1,62,70,61,2,60,78,64,1,65,61,77,2,60,75,61,2,90,92,79,2,82,96,72,1,40,22,39,2,75,85,66,1,29,42,45,2,69,85,62,2,63,66,75,2,61,78,59,2,61,36,70,2,64,75,69,1,61,81,69,2,65,74,78,2,62,75,67,2,67,45,66,1,36,34,56,2,57,66,76,2,66,88,72,2,67,87,70,1,74,57,65,2,69,73,65,2,64,77,72,2,57,69,62,1,59,61,59,2,72,60,72,1,58,32,33,2,68,79,76,1,34,22,33,1,67,96,81,1,86,82,76,2,76,91,78,1,57,75,68,2,99,83,87,2,65,82,71,2,74,84,71,2,65,65,60,1,51,39,31,2,61,77,59,2,37,25,35,2,62,67,73,2,37,58,67,2,60,69,64,2,61,68,66,2,76,70,75,2,64,69,64,2,63,81,63,2,35,65,66,2,36,62,65,2,67,61,75,1,68,72,70
2,100,100,92,2,72,80,82,1,86,81,74,2,100,100,100,2,100,100,87,2,100,82,72,2,74,89,72,2,71,80,82,2,82,81,73,1,100,100,81,2,91,96,79,2,91,82,81,2,92,91,81,2,100,100,90,1,100,100,100,2,100,100,100,1,100,100,100,2,92,82,81,2,100,100,82,2,90,81,80,1,100,94,94,2,91,82,92,2,92,81,90,2,91,81,81,1,100,100,100,2,91,93,98,2,100,92,93,2,93,81,94,2,100,100,100,1,100,100,100,2,100,84,99,1,94,93,93,1,83,93,92,1,100,100,90,2,100,100,93,2,100,100,93,1,100,100,100,1,92,93,100,2,100,91,96,2,100,81,89,2,93,91,82,2,79,92,93,2,81,92,83,2,100,100,100,2,98,83,95,1,100,100,91,2,100,92,93,2,83,93,94,2,99,92,93,2,100,98,92,1,98,94,98,2,100,100,100,2,100,100,95,2,100,100,90,2,91,94,100,1,92,93,91,1,100,100,100,2,100,92,100,1,100,95,100,2,100,96,98,2,82,91,93,1,100,91,92,2,99,94,92,1,92,91,80,1,92,81,100,2,90,79,93,2,97,94,90,2,94,99,98,2,97,92,100,1,91,96,97,1,100,99,98,1,98,99,100,1,99,91,100,2,100,100,99,2,100,100,100,2,100,99,92,2,100,100,100,2,100,90,92,1,100,93,93,1,99,100,99,2,100,100,91,2,81,79,81,2,99,91,92,2,96,90,92,2,93,91,99,2,92,90,85,1,92,91,94,1,94,100,93,2,94,100,94,2,100,100,100,1,100,100,100,1,100,100,100,1,99,100,100,2,100,100,100,1,95,86,93,1,100,91,92,2,100,99,100,2,94,92,99,2,100,99,99,2,100,100,98
2,91,95,96,1,95,94,94,2,92,93,96,2,96,96,96,1,91,95,92,1,93,93,92,2,90,94,96,2,90,93,97,1,92,91,97,2,93,95,95,2,96,93,95,2,88,89,93,2,93,89,96,2,95,90,91,2,89,93,89,2,88,93,96,2,93,90,91,1,95,92,93,2,91,96,92,2,93,91,95,1,92,92,94,2,89,93,92,2,93,95,91,1,90,87,94,2,89,94,90,2,92,94,87,2,93,94,89,2,93,93,90,1,93,95,93,2,92,97,93,1,88,94,95,2,89,95,93,1,89,92,92,2,92,97,93,2,92,96,92,2,95,90,93,1,90,93,90,2,91,93,96,2,90,86,95,2,87,93,96,2,92,94,94,2,92,96,94,1,90,90,98,2,93,92,94,2,91,90,96,2,92,89,96,2,92,90,94,2,92,92,96,1,88,92,94,2,90,93,92,2,87,94,93,1,90,94,92,2,89,94,94,2,93,90,94,2,91,94,92,2,91,82,95,1,90,93,90,2,94,89,95,2,96,91,95,2,94,92,95,2,97,84,93,1,90,84,93,2,92,89,95,2,91,93,92,2,93,88,94,2,93,92,93,2,91,91,93,1,92,95,92,2,90,92,90,1,88,93,94,2,93,92,92,2,95,93,92,2,94,93,95,2,90,93,95,2,90,90,92,2,86,91,92,2,93,93,94,2,89,92,91,1,88,91,91,2,91,90,94,2,92,89,95,2,87,89,94,2,92,92,93,2,91,93,93,1,89,92,85,2,95,92,96,2,90,92,94,2,91,94,92,2,89,92,95,2,91,92,94,2,91,91,95,2,90,91,94,2,85,93,92,2,91,93,95,2,91,95,95,2,89,92,92,1,92,92,95,2,89,92,95,2,91,92,93,2,89,94,92
2,75,100,75,2,70,80,60,2,90,95,85,2,65,60,50,2,90,80,75,2,100,100,100,2,75,80,70,2,80,70,75,1,20,10,25,1,5,0,5,2,90,100,85,2,95,100,90,1,50,40,35,2,100,100,100,2,80,100,90,1,15,10,20,1,35,10,20,2,75,95,75,2,95,100,90,2,75,70,65,1,10,100,95,2,55,80,50,2,70,75,60,2,45,70,65,1,0,0,5,2,95,90,75,2,60,50,50,2,60,55,40,1,45,35,20,2,40,45,25,2,65,80,50,1,40,50,50,2,90,95,85,1,85,100,75,2,95,100,90,2,100,100,95,1,10,0,5,1,10,5,20,2,60,75,70,2,75,75,50,1,50,50,50,2,40,100,50,1,40,50,35,2,100,100,95,2,80,85,75,2,65,70,50,2,55,50,40,2,50,50,50,1,10,90,50,2,50,50,50,1,40,40,50,2,100,100,100,2,100,100,100,2,75,80,65,1,35,40,50,1,50,35,40,1,0,0,10,2,65,100,90,1,75,90,85,2,70,50,50,2,75,80,75,2,50,60,50,1,60,15,25,2,80,90,75,1,20,10,25,1,50,50,50,2,75,80,75,2,90,100,85,2,100,100,95,1,25,10,50,1,60,50,40,2,40,70,50,1,40,25,25,1,70,10,30,2,100,100,100,2,80,75,80,2,50,60,50,1,40,50,35,1,0,0,10,1,0,0,5,2,75,80,75,2,65,85,70,1,25,20,50,1,50,25,50,2,45,25,40,1,50,50,60,1,30,50,50,2,50,100,70,2,80,50,65,1,100,100,90,1,50,50,50,1,55,45,20,1,25,50,30,2,60,55,45,2,80,70,65,1,10,5,10,2,90,80,75,2,70,75,65,1,45,40,50,2,50,50,50
1,74,60,53,2,56,42,58,2,59,64,63,2,60,39,64,1,62,46,62,2,62,43,59,2,60,62,40,1,62,51,41,2,62,44,58,2,57,51,42,2,59,44,61,1,63,59,58,2,58,45,57,1,60,43,61,2,60,51,36,2,66,38,63,2,64,51,39,2,57,62,44,2,62,51,51,2,58,51,51,2,62,51,51,2,60,51,40,2,62,60,39,2,58,57,55,2,69,57,41,2,63,36,58,2,66,68,65,2,62,64,38,2,61,63,43,2,41,64,51,1,60,65,62,2,64,63,69,1,64,71,37,2,70,62,51,2,64,51,36,1,63,71,63,2,44,62,53,2,62,70,60,2,61,51,64,2,66,64,51,2,71,51,34,2,67,51,39,2,67,62,61,2,51,63,51,2,64,51,42,2,68,51,36,2,63,41,65,2,63,51,43,2,64,51,35,2,66,51,71,2,61,68,51,2,68,61,38,2,67,60,46,2,71,51,39,2,51,51,61,1,70,52,51,2,72,51,37,2,71,51,51,2,62,51,65,2,58,39,64,2,60,72,62,2,65,40,68,2,68,51,40,2,70,51,70,2,67,51,40,2,67,51,70,2,67,31,64,1,71,67,51,2,72,51,61,2,58,35,68,2,72,51,35,2,63,46,80,2,47,71,51,2,68,64,57,2,76,51,36,2,73,51,40,2,68,51,42,2,68,66,75,2,61,35,65,2,54,62,51,2,51,46,64,2,59,51,64,2,64,61,61,2,65,59,60,2,58,51,65,2,66,65,51,2,73,62,66,1,68,51,35,2,69,51,51,2,61,41,68,2,68,51,65,2,67,52,38,2,63,51,44,2,73,51,66,2,62,51,41,2,62,51,73,2,58,62,58,2,57,51,65,2,61,63,74,2,62,51,43
2,95,93,99,2,93,87,96,1,94,85,99,2,97,96,95,2,97,97,95,1,97,93,95,2,96,95,93,2,98,96,91,1,96,93,97,2,96,96,94,2,96,96,97,2,98,97,92,2,98,90,100,2,91,97,97,2,97,97,89,2,98,96,98,2,100,97,93,2,99,96,96,2,97,96,97,1,97,96,96,2,96,90,100,2,98,94,100,1,99,97,100,2,100,98,99,2,97,90,97,1,97,95,98,2,100,94,99,1,95,99,97,2,99,97,96,2,97,97,96,2,99,96,99,2,99,94,99,2,99,91,100,1,100,91,99,2,96,95,97,2,99,94,99,2,99,94,100,2,98,92,100,2,98,95,99,2,98,92,100,2,97,94,100,2,100,96,99,2,95,100,96,2,96,93,99,1,99,95,99,2,99,92,100,2,99,90,99,2,100,91,100,2,99,97,100,2,99,91,100,2,100,90,99,2,97,93,100,2,95,96,95,2,97,90,98,2,95,97,94,2,97,96,93,2,97,95,93,2,92,95,95,2,95,93,96,2,94,95,95,2,95,96,95,2,98,95,93,2,98,93,99,2,97,87,98,2,96,95,96,2,97,92,98,2,96,90,99,2,97,92,96,2,96,97,94,2,97,92,100,2,98,93,99,2,97,92,100,2,98,93,97,2,95,93,98,2,95,97,96,2,96,92,98,2,96,94,99,2,94,95,96,2,96,93,97,2,100,93,100,2,95,97,90,2,95,90,100,2,97,92,99,2,96,91,99,2,98,91,97,2,96,95,97,2,98,93,99,2,95,96,93,2,96,92,96,2,94,87,98,2,96,92,97,2,97,93,96,2,97,92,98,2,98,90,99,2,95,93,96,2,95,90,98,2,95,94,97,2,91,93,96,2,95,96,96,2,95,97,94
2,94,96,97,2,91,91,95,2,94,96,96,2,94,94,97,1,93,95,94,2,96,94,98,2,97,96,100,2,95,97,96,2,95,94,96,1,95,95,95,2,97,98,96,2,96,96,97,2,95,96,99,2,98,97,99,2,96,97,96,2,96,95,98,1,96,96,95,2,95,97,95,2,93,97,97,2,96,94,96,2,94,94,95,2,98,96,95,2,93,96,96,1,95,96,98,2,93,97,98,2,95,97,98,2,95,96,98,2,97,97,97,2,96,95,98,2,97,97,98,2,92,95,98,2,96,97,93,2,95,96,96,2,94,95,96,2,95,95,97,2,91,94,95,2,94,95,97,1,93,94,98,2,97,96,97,2,92,97,95,1,97,95,97,1,96,97,96,2,93,98,98,2,95,95,95,2,95,98,94,2,95,97,98,2,97,95,95,2,99,97,91,2,95,96,95,2,94,95,89,2,96,95,91,2,95,99,97,2,94,97,93,2,97,97,97,2,96,95,96,2,98,96,99,2,98,97,93,2,94,97,98,1,91,94,100,2,90,94,96,2,95,89,96,2,92,94,93,2,94,96,97,2,94,98,96,1,93,95,96,2,97,97,98,2,97,97,96,2,93,96,98,2,94,95,97,2,96,98,97,2,97,95,93,2,96,96,94,2,95,96,98,2,91,94,99,1,91,93,98,2,89,94,96,2,92,93,95,2,95,95,96,1,86,92,97,2,91,94,99,2,93,95,97,1,94,94,97,2,93,94,98,2,91,94,98,2,91,92,97,2,90,92,99,1,95,96,97,2,96,95,93,2,92,96,97,2,93,95,95,2,90,93,96,2,94,93,95,2,94,94,95,2,95,94,92,2,90,95,95,2,92,94,96,2,91,93,96,2,93,96,96,2,90,95,97,2,91,94,97
2,61,59,63,1,62,65,51,1,61,51,42,1,62,40,58,2,59,44,60,1,62,44,59,1,62,51,40,1,63,51,37,1,59,51,37,1,60,51,45,1,61,56,63,1,59,38,62,1,62,51,60,1,63,38,63,1,63,62,38,1,62,39,51,1,55,40,67,1,60,39,65,1,62,39,62,1,62,64,51,1,63,39,62,1,60,40,63,1,62,60,51,1,70,66,55,1,63,63,61,1,65,43,61,2,61,65,59,1,61,61,63,2,70,62,60,1,63,59,51,1,66,66,61,1,62,51,51,1,66,51,34,1,69,51,31,1,69,62,68,1,63,62,62,1,63,51,38,1,67,73,62,1,65,51,38,1,64,51,64,1,62,51,40,1,63,51,65,1,66,68,61,1,65,51,39,1,67,60,51,1,65,51,37,1,68,51,65,1,66,60,61,1,63,65,51,1,69,57,65,1,70,51,51,1,73,51,51,1,67,39,60,1,70,51,31,1,59,64,65,1,59,51,51,1,61,51,74,1,63,41,72,1,68,43,61,1,73,45,70,1,58,73,51,1,71,59,51,1,65,51,38,1,73,51,25,1,72,62,63,1,66,62,55,1,60,51,63,1,64,51,61,1,66,62,68,1,57,58,60,1,65,71,51,1,62,51,51,1,70,51,51,1,66,51,51,1,63,59,60,1,67,51,62,1,69,51,37,1,61,66,59,1,73,51,51,2,59,67,51,2,68,59,40,1,71,51,69,1,63,51,68,1,65,51,60,1,66,63,67,1,43,63,51,1,59,51,51,1,59,51,51,2,58,42,65,1,62,37,72,1,62,51,38,2,62,51,34,2,63,51,37,2,62,51,39,1,61,51,41,2,59,52,36,2,61,51,38,2,64,51,41,2,37,61,64,1,62,51,73
2,82,100,75,2,96,100,90,2,100,100,100,2,75,80,75,1,9,0,30,2,100,100,100,1,34,0,29,1,82,10,77,1,40,25,43,1,5,1,7,2,100,100,100,1,0,0,0,1,1,0,2,2,100,100,100,2,100,100,100,2,69,71,55,1,8,1,9,2,100,100,100,2,100,100,100,2,69,91,54,1,0,0,0,2,87,92,86,1,27,7,27,1,19,0,9,1,0,0,0,1,42,17,43,2,41,62,37,2,91,97,81,2,66,81,70,1,40,43,38,1,3,2,6,1,38,9,25,2,97,100,91,1,5,0,5,2,97,100,93,2,100,100,100,2,94,100,94,1,9,0,6,1,0,0,0,2,85,100,81,2,62,61,60,1,5,4,19,2,61,72,61,2,60,54,59,2,67,70,65,1,30,0,41,2,81,100,75,2,70,85,75,2,91,100,85,2,81,100,85,2,74,88,80,2,100,100,100,2,90,100,87,2,81,92,76,1,19,36,25,2,70,81,75,2,55,57,57,2,71,91,78,2,81,91,81,2,69,80,70,1,70,40,55,1,23,0,15,2,81,91,84,1,70,29,61,1,70,30,63,2,90,94,91,1,35,0,36,2,95,100,85,1,29,0,21,1,23,4,20,1,0,0,0,2,60,71,58,1,10,6,7,1,18,5,16,2,100,100,100,2,60,60,60,1,5,0,6,1,66,33,62,1,9,0,5,1,0,0,0,2,69,71,67,1,72,0,61,2,91,91,91,1,61,32,58,2,91,90,92,2,72,81,72,2,95,100,100,1,19,0,9,1,70,0,66,2,60,81,68,1,88,27,76,1,9,0,20,2,61,56,58,2,91,82,86,2,88,89,89,1,12,0,20,2,92,95,92,2,100,100,100,2,69,70,64,1,30,20,31
2,90,100,90,2,70,80,70,2,90,100,100,2,60,50,50,2,70,90,80,2,95,100,100,2,50,50,50,1,40,40,50,1,50,30,30,1,10,0,10,2,100,100,100,1,30,80,30,1,10,20,20,2,95,100,95,2,90,100,90,1,10,0,10,1,10,0,10,2,95,95,90,2,98,100,100,1,50,50,50,1,0,0,0,2,90,100,90,2,70,80,80,1,50,50,50,1,0,0,0,1,30,50,50,2,50,50,50,1,50,50,50,1,50,30,50,1,50,50,50,2,70,60,60,2,70,70,60,2,70,80,70,2,80,90,80,2,80,90,70,2,95,100,95,2,95,100,95,1,5,0,5,2,70,50,60,2,60,50,50,1,30,20,40,2,0,0,0,1,30,50,30,2,95,100,90,2,100,100,100,1,10,0,10,2,90,100,80,2,50,50,50,2,60,50,50,1,50,50,50,1,50,50,50,2,100,100,100,2,90,100,90,2,60,50,50,1,30,50,20,1,50,50,50,1,20,30,20,1,10,5,20,1,30,20,40,1,40,30,50,1,30,20,30,1,10,0,10,1,30,0,20,2,70,80,70,1,50,50,50,2,50,50,50,1,30,20,40,2,95,100,95,1,10,0,5,1,5,0,5,1,0,0,0,1,50,50,50,1,50,50,50,1,40,30,60,2,100,100,100,1,30,25,40,2,50,50,60,1,30,20,30,1,5,0,5,1,0,0,0,2,50,50,50,1,40,50,30,2,95,100,95,1,50,50,50,2,60,50,50,2,50,60,50,2,70,60,60,1,40,20,30,1,20,10,20,1,10,10,10,1,30,10,20,1,5,0,5,1,5,0,5,2,60,50,70,2,100,100,100,1,5,0,5,2,95,100,95,2,95,100,95,1,0,0,0,2,50,50,60
2,69,85,83,2,85,80,74,2,60,56,54,2,56,51,51,1,16,40,51,1,32,46,51,2,60,51,52,2,64,62,55,2,66,60,51,1,31,35,39,2,69,83,77,1,37,51,51,2,60,59,51,2,64,75,70,2,67,69,60,2,70,63,56,1,57,72,65,1,63,44,58,1,51,40,44,1,67,59,48,1,63,63,51,1,54,53,61,2,63,54,55,2,65,51,51,1,33,39,44,2,61,76,82,2,79,70,65,2,76,65,57,2,73,58,57,1,56,52,54,2,87,77,69,2,76,65,62,2,62,63,68,2,72,66,58,2,83,80,70,2,80,69,64,2,72,62,56,2,58,73,73,2,65,65,71,2,66,69,78,2,58,51,51,1,38,40,51,1,30,39,35,2,70,55,52,2,70,67,62,2,67,60,55,2,88,78,76,2,87,73,62,2,87,77,72,2,66,75,69,2,62,57,55,2,80,73,62,1,45,62,62,1,32,30,51,1,31,38,45,1,33,41,51,1,36,41,51,1,37,45,45,1,30,39,41,1,51,51,61,1,32,39,37,2,62,75,69,2,69,68,82,2,74,40,37,2,61,70,65,2,70,60,68,2,79,62,58,2,56,53,47,1,38,59,69,1,62,60,51,1,57,43,51,1,63,56,60,1,59,40,60,1,60,52,57,1,57,37,61,1,54,35,40,1,34,54,61,1,60,53,62,1,55,44,60,1,59,44,60,2,61,46,41,2,37,25,55,1,59,61,51,1,62,62,60,1,66,31,57,1,68,48,61,1,57,33,44,1,38,53,55,2,61,51,51,2,63,51,41,2,60,46,39,2,69,49,41,1,62,51,62,1,56,57,69,2,64,52,36,1,54,42,54,1,61,67,74,1,59,61,71,1,58,53,61,1,58,51,57
1,90,99,90,1,100,92,99,2,99,93,100,1,98,85,97,1,99,100,93,1,100,89,97,1,100,99,92,2,83,95,99,2,87,94,99,1,92,100,93,1,93,98,86,2,83,99,89,2,84,100,91,2,91,99,83,2,100,84,100,1,93,95,97,2,96,85,98,2,95,100,91,2,97,86,97,2,91,96,89,1,90,100,90,2,95,99,84,1,95,84,94,2,100,87,95,2,92,96,100,2,99,91,96,2,96,90,93,2,98,92,98,2,80,95,98,2,94,100,91,2,100,91,100,1,83,97,91,2,97,90,99,2,93,100,92,2,87,98,94,2,100,89,95,1,85,93,88,1,86,94,94,2,100,91,99,2,96,100,91,2,88,97,100,1,100,89,96,2,100,91,98,1,95,100,93,2,88,98,91,1,91,84,98,2,98,90,98,2,100,90,100,2,95,90,100,2,98,84,93,2,100,90,86,2,98,92,99,2,100,89,94,2,100,91,97,2,99,88,95,2,99,94,100,2,97,81,93,2,100,93,99,2,98,91,99,2,100,91,96,2,99,94,94,2,94,98,96,1,93,99,93,2,97,91,99,1,94,98,91,2,99,92,100,2,99,91,95,2,98,89,99,2,98,95,99,1,97,91,96,1,99,94,98,1,92,99,92,2,100,93,100,2,96,95,90,2,100,91,100,1,96,98,93,2,98,95,100,2,100,92,100,2,98,93,100,1,98,92,81,2,100,91,100,2,100,96,100,2,91,99,91,2,91,99,93,2,100,92,99,2,93,99,94,2,100,88,91,2,100,91,100,2,93,100,91,2,96,85,95,2,94,99,91,2,100,90,98,1,86,94,100,2,99,92,98,2,93,82,89,2,100,93,100,1,88,96,98,2,95,100,83,1,89,99,81,2,90,81,93
1,9,63,70,2,34,45,55,1,30,79,81,2,95,100,95,2,100,100,100,2,58,59,59,2,75,89,74,1,37,69,78,1,31,69,57,1,60,70,57,1,71,40,66,2,80,60,71,1,39,64,74,2,42,71,60,2,76,81,82,1,77,63,70,2,68,59,68,2,64,83,75,1,35,40,31,1,28,51,42,2,74,55,62,1,42,58,44,2,71,59,75,1,37,42,45,2,64,60,63,1,39,63,43,2,69,69,72,1,58,63,75,2,74,59,71,1,40,39,41,2,63,72,57,1,33,31,39,2,65,72,60,2,88,76,72,1,64,85,67,2,71,56,67,1,37,52,42,2,69,71,70,2,91,90,93,1,43,32,51,2,77,80,81,1,65,69,72,1,25,57,38,2,71,29,51,2,73,67,81,1,30,33,64,1,33,31,38,2,73,69,82,1,34,44,31,1,51,57,43,1,23,39,20,2,93,92,90,2,69,89,90,1,20,27,35,1,69,72,65,2,62,72,71,1,66,60,74,2,62,63,51,1,78,73,80,2,90,93,92,1,92,89,82,1,85,74,84,2,64,70,68,1,51,51,51,1,81,79,85,1,76,82,75,1,51,51,51,2,89,90,92,2,92,92,86,1,88,84,90,1,97,93,100,1,51,51,51,1,69,78,62,2,80,72,77,2,80,81,74,2,82,66,74,2,84,92,91,1,51,54,52,1,72,85,75,1,68,76,86,1,71,52,56,2,55,66,61,2,72,79,83,2,79,87,88,1,64,48,57,1,51,51,51,1,51,20,51,1,60,78,75,2,82,84,75,2,95,65,74,1,55,28,57,1,87,78,80,1,94,90,81,2,65,79,81,2,90,80,86,2,72,76,71,1,73,75,81,2,91,88,91,1,68,81,71,1,31,32,38
2,95,7,77,2,100,37,70,2,86,31,85,2,76,18,84,1,73,27,75,2,87,88,74,1,23,100,81,1,100,72,83,1,60,33,82,2,29,91,47,2,42,73,57,2,93,76,41,2,85,65,42,2,95,76,56,1,84,75,57,2,100,66,45,2,100,76,32,2,92,40,54,2,28,62,45,1,79,37,61,1,72,30,64,2,38,93,63,2,14,41,72,2,71,53,83,2,76,65,42,1,77,55,34,2,32,67,40,2,18,78,48,2,42,67,28,2,24,57,47,2,20,58,45,2,32,63,46,2,25,70,42,2,40,69,24,2,25,79,43,2,25,73,44,1,89,15,45,2,24,81,64,2,32,56,29,2,7,100,66,2,31,58,31,2,38,63,41,2,28,58,47,2,67,54,27,2,33,61,89,1,30,55,45,1,76,31,68,2,39,55,83,2,39,56,30,2,37,62,30,2,24,56,41,2,83,59,45,2,31,68,56,2,29,62,49,1,73,34,60,2,31,16,42,2,67,31,84,2,82,42,75,2,88,43,82,2,73,84,73,2,72,28,80,2,54,76,90,2,81,71,81,2,72,81,45,2,82,31,73,1,72,81,38,2,80,41,88,2,87,34,70,2,75,55,81,2,72,36,79,2,72,45,90,2,63,72,81,2,77,45,81,2,72,91,35,2,45,72,81,2,70,87,43,2,79,87,69,2,72,44,80,1,96,100,24,1,86,99,72,2,88,86,67,1,79,73,37,2,82,97,71,2,83,43,71,2,85,100,77,2,71,88,79,2,80,32,72,1,80,37,73,2,90,71,98,2,95,86,65,2,70,78,87,1,76,59,55,1,85,82,88,2,70,23,72,2,72,96,70,1,70,36,73,2,74,89,28,2,73,98,39,2,77,72,89,2,71,89,35
1,71,69,64,2,65,74,66,2,74,80,77,1,76,83,75,2,69,74,73,2,67,72,69,1,69,68,67,2,65,76,68,1,67,70,72,1,66,76,66,2,66,70,71,2,68,70,73,2,67,65,71,2,70,71,79,2,67,73,66,2,70,67,70,2,72,79,76,2,73,70,80,1,69,76,74,2,72,80,75,1,74,68,76,2,71,78,72,1,68,77,74,2,70,75,69,1,72,66,74,2,68,71,76,2,71,74,79,2,71,78,69,1,72,66,72,2,66,73,70,2,75,67,77,1,66,76,68,2,62,72,68,2,65,70,67,2,68,70,76,2,65,76,70,1,70,71,66,2,65,78,72,1,69,69,68,1,73,62,73,2,68,68,67,1,73,69,68,2,73,69,74,2,70,64,73,2,68,74,69,2,71,68,65,2,70,66,77,2,73,82,73,2,80,73,78,2,73,77,69,2,70,81,76,2,78,70,78,1,67,72,71,2,67,74,73,2,74,70,73,2,66,79,73,1,70,77,72,2,69,76,78,2,62,65,65,1,65,61,67,2,65,63,63,2,64,67,68,2,63,72,72,2,70,66,67,2,70,74,75,2,72,65,72,1,70,64,66,2,70,64,70,2,76,68,75,2,65,62,70,2,70,81,75,1,70,68,74,2,67,69,69,2,74,73,74,2,72,68,73,2,74,67,76,2,71,69,69,1,74,67,68,2,73,70,73,1,74,77,74,2,74,74,73,1,76,73,78,2,73,87,85,1,77,84,79,2,76,79,88,2,82,78,83,1,78,75,80,2,82,78,81,2,74,71,84,1,81,72,84,2,76,89,86,2,84,83,87,1,76,82,81,2,74,81,81,2,81,83,84,2,78,84,79,1,82,88,85,2,81,83,80,2,88,90,91,2,87,90,88
1,90,84,100,2,88,79,96,2,93,83,96,2,94,85,94,1,90,82,98,2,93,85,97,2,86,98,85,2,92,81,96,1,88,81,96,2,92,81,95,1,88,79,98,1,93,86,94,2,96,85,95,2,92,84,97,1,91,83,95,2,91,81,94,1,98,83,95,2,83,97,86,2,93,83,96,2,90,93,82,2,90,79,95,2,95,86,97,1,82,94,86,2,93,84,93,2,92,82,98,1,84,92,82,2,97,89,82,2,95,86,95,1,91,83,98,2,97,85,97,2,92,88,95,1,91,81,97,2,96,85,98,2,92,81,96,2,90,80,96,2,97,84,97,1,91,80,97,2,95,83,97,2,86,99,83,1,87,81,98,2,93,84,98,2,89,81,94,2,93,84,97,1,78,100,82,2,100,83,94,2,85,76,93,2,85,72,88,1,89,76,89,2,88,77,88,1,87,73,90,2,80,91,75,2,87,82,92,2,83,92,81,2,81,90,80,1,86,71,90,2,94,78,85,2,89,71,88,2,87,72,92,1,91,82,96,2,86,90,82,2,94,82,97,2,90,83,97,2,90,81,99,2,92,80,91,1,90,77,96,2,94,79,93,2,88,77,92,1,87,77,94,2,91,78,93,2,87,98,93,2,88,83,94,2,89,78,90,2,91,84,90,1,89,95,82,2,96,80,98,2,96,84,97,2,93,82,98,2,92,85,100,2,93,86,100,1,96,80,97,2,93,80,96,2,95,81,96,1,99,87,98,2,91,82,100,2,94,82,96,2,93,84,91,2,94,83,100,2,90,80,100,2,94,87,98,2,89,74,91,1,90,98,83,2,85,98,89,2,91,82,100,2,93,80,97,2,80,96,85,2,95,89,99,2,91,81,98,2,93,81,94,1,99,91,97,2,94,85,98
2,78,86,85,2,97,94,91,2,100,100,98,2,98,100,95,2,100,93,97,2,97,95,100,2,92,88,93,2,98,98,99,2,96,98,95,2,96,94,96,2,100,97,95,2,100,100,89,2,94,93,99,2,99,98,94,2,94,98,84,2,99,99,100,1,22,34,40,2,91,96,98,2,93,100,100,2,100,98,100,1,31,24,25,2,93,97,92,1,26,20,23,2,90,93,91,1,15,16,16,1,22,23,25,1,16,18,19,2,95,99,95,1,14,15,21,2,89,94,93,2,95,100,96,2,100,96,100,2,93,93,97,1,92,99,96,2,99,97,100,2,98,97,100,2,100,100,100,1,15,17,18,2,100,100,99,2,96,100,97,1,23,17,22,2,99,100,100,2,98,100,100,2,95,100,98,2,97,99,98,2,100,100,100,2,100,100,100,1,99,100,100,2,100,100,99,2,100,100,100,2,100,100,98,2,100,100,99,2,100,100,100,2,97,100,100,1,11,15,11,2,100,100,98,1,15,6,8,2,100,99,100,2,100,99,99,1,12,11,11,1,16,12,12,1,11,12,11,2,93,95,98,2,95,100,93,2,100,100,100,2,96,100,100,2,97,97,98,2,100,100,100,2,100,95,98,2,98,99,100,2,98,100,100,1,19,11,18,2,99,100,100,2,95,100,100,2,99,100,100,2,98,100,100,2,100,100,100,2,100,100,100,1,9,4,12,1,7,12,11,2,99,100,99,1,10,7,14,2,100,100,100,2,100,100,100,2,100,100,100,2,100,100,100,2,100,100,100,2,98,100,100,2,99,100,100,1,3,9,6,2,100,100,100,1,9,8,8,1,14,15,16,2,100,100,100,2,100,100,100,1,6,14,6,2,100,100,100,2,100,100,100,2,100,100,100,2,96,100,96
2,79,77,90,2,64,65,69,2,64,67,68,2,72,75,81,2,74,73,78,2,80,89,88,2,67,77,72,2,72,83,78,2,70,83,75,2,69,68,75,2,74,85,79,2,71,79,76,2,85,81,90,2,78,90,84,2,79,85,88,2,81,85,93,2,79,79,91,2,78,85,95,1,40,39,43,2,76,86,92,1,34,40,39,2,67,72,74,1,36,33,31,2,77,76,91,1,30,34,35,1,41,44,44,2,58,65,72,2,81,84,86,2,74,86,84,1,39,45,43,2,82,91,93,2,82,91,92,1,40,40,39,1,38,39,38,2,77,88,86,2,84,92,92,2,78,89,84,1,43,35,38,2,89,93,95,2,69,82,76,1,37,35,33,2,68,81,76,2,81,80,86,2,77,87,85,2,75,86,77,2,71,79,76,2,82,81,80,2,86,93,92,2,92,98,97,2,61,64,67,1,45,46,46,2,90,96,96,2,80,95,91,2,94,95,97,1,37,34,32,2,86,85,77,1,36,37,39,2,73,88,83,2,62,61,59,2,64,62,64,1,44,45,44,1,22,19,20,2,81,91,90,1,41,41,40,2,80,88,90,2,67,79,75,2,75,80,75,2,69,69,73,2,78,87,88,2,68,75,72,1,46,45,47,1,43,46,44,2,68,72,77,1,42,44,44,2,62,68,68,2,61,66,70,2,61,64,64,2,67,69,67,1,32,34,32,1,41,42,42,2,98,100,100,1,18,25,27,2,65,77,85,2,66,70,65,2,86,95,91,2,81,83,79,2,80,88,83,2,70,58,62,2,96,91,84,1,45,45,46,2,87,78,85,1,40,40,39,1,41,46,43,2,70,77,80,2,59,57,62,1,39,38,37,2,82,88,89,2,66,79,78,2,72,79,88,2,85,70,93
2,89,100,89,2,99,81,95,2,97,88,97,2,91,98,92,2,100,89,100,2,97,100,93,2,100,95,100,1,100,99,89,2,97,86,99,1,93,100,92,2,99,86,99,2,96,88,98,2,88,100,93,2,100,99,92,2,90,97,86,2,97,83,94,1,91,98,93,1,85,96,91,2,94,82,100,2,84,93,100,1,89,92,84,2,94,99,91,2,93,93,90,2,100,90,84,2,100,89,94,2,97,92,99,2,98,92,100,2,95,88,96,2,100,90,96,1,100,95,99,2,97,90,84,2,93,97,87,2,86,94,100,2,100,94,99,2,95,100,94,2,100,94,91,1,100,92,85,1,88,97,99,2,92,98,90,2,91,99,95,1,89,97,89,2,92,97,92,2,100,94,100,1,88,94,95,1,92,100,93,1,88,100,92,2,100,99,93,2,100,94,100,2,91,99,94,2,100,92,99,2,100,94,100,2,100,93,100,2,90,98,93,1,94,98,92,2,100,92,100,2,100,92,100,2,90,100,94,2,100,100,92,1,91,98,89,1,92,100,92,2,92,100,94,2,100,94,99,2,100,92,97,1,94,98,89,2,98,92,98,2,98,90,95,2,84,93,90,2,98,91,99,2,99,92,100,1,98,90,97,2,95,97,90,1,98,92,99,2,100,94,100,2,90,80,83,2,100,90,94,2,92,83,100,2,100,93,81,2,100,91,100,2,99,84,94,1,100,91,98,2,100,86,93,2,100,91,100,1,93,100,89,2,88,97,94,2,97,91,99,2,82,90,100,1,95,83,99,2,99,85,92,2,83,92,99,2,98,95,100,2,87,96,85,2,99,88,97,2,99,90,98,2,98,92,100,2,95,100,92,1,90,95,85,2,96,79,92,2,100,85,92,2,100,85,92,1,87,99,92
2,99,99,99,1,87,95,98,1,26,26,32,2,96,96,97,2,96,96,99,1,98,98,11,2,98,98,98,2,98,98,98,2,98,99,98,1,20,18,6,2,98,97,99,2,99,98,98,2,99,99,98,1,15,13,6,2,99,100,100,1,10,13,12,2,99,97,98,1,14,12,11,2,99,97,99,2,99,99,98,1,5,5,7,2,98,99,98,2,98,99,99,1,5,8,6,2,96,98,99,1,5,5,11,2,99,99,99,1,7,9,11,2,98,98,99,1,14,13,14,2,99,99,99,2,100,100,99,2,100,99,100,1,8,8,10,2,100,100,99,1,7,7,10,2,100,99,100,2,100,100,100,2,100,100,100,1,1,4,5,2,100,99,99,2,100,100,99,1,2,4,4,2,100,100,100,2,99,99,100,1,3,4,6,2,100,100,100,2,99,99,99,2,99,99,98,1,3,4,7,2,99,99,98,2,100,98,99,2,99,100,99,2,100,100,99,1,4,6,7,2,99,99,100,2,100,100,100,2,98,99,100,1,1,3,3,2,100,99,100,1,3,3,4,2,99,100,100,1,2,4,3,2,99,99,100,1,1,2,2,2,100,99,99,2,99,100,100,1,0,1,2,2,100,100,100,2,100,100,100,1,3,2,4,2,100,100,100,1,1,2,2,2,100,100,100,2,100,99,99,1,1,2,0,2,100,100,100,2,100,100,100,1,4,7,6,2,100,100,100,1,1,0,1,2,100,100,100,2,100,100,100,2,100,99,100,1,1,0,1,2,100,100,100,1,1,1,1,2,100,99,98,1,0,0,0,2,100,100,100,1,1,1,1,2,100,100,100,2,100,100,99,1,1,0,1,2,92,98,100,2,92,96,99,2,99,100,99,2,99,98,99,1,6,6,5,2,100,100,100
2,84,86,77,2,81,84,87,2,85,83,85,2,79,87,84,2,76,91,89,2,81,80,93,2,81,81,89,2,76,89,80,2,78,89,83,2,86,83,80,2,89,88,89,2,86,78,88,2,82,89,94,2,72,90,82,2,88,84,93,2,72,86,81,2,84,81,84,1,83,86,87,2,80,74,83,2,78,88,87,1,87,85,71,2,82,82,80,2,88,99,93,2,90,86,87,2,89,84,92,1,87,90,90,2,88,89,80,2,85,89,78,1,86,87,81,2,79,91,86,2,81,78,80,2,82,81,92,2,84,80,90,1,76,78,86,2,80,82,76,1,80,85,88,2,83,87,89,2,86,82,91,2,81,93,88,2,88,89,92,1,84,85,83,2,82,88,85,2,84,86,97,2,82,92,85,2,88,95,91,2,90,91,94,2,91,87,92,2,91,85,94,1,39,40,43,2,87,78,86,2,88,85,87,2,87,95,82,2,80,89,79,2,84,89,83,2,84,81,87,2,89,86,85,1,30,26,35,2,85,88,87,1,43,34,35,1,29,39,37,1,34,37,36,1,28,40,36,2,83,92,84,2,84,84,83,2,91,85,95,2,91,85,90,2,91,95,98,2,91,86,94,2,90,85,95,1,33,42,44,2,88,89,87,2,89,86,95,2,90,90,86,2,87,91,84,2,86,83,90,2,84,80,92,2,85,84,80,2,88,79,91,1,26,35,38,2,85,87,79,2,82,88,82,2,86,90,84,2,88,82,92,2,82,77,92,2,85,90,86,2,86,84,94,2,82,74,78,2,68,82,83,2,75,85,87,1,30,43,40,2,85,81,91,2,90,85,94,1,85,84,80,2,87,82,92,2,86,77,88,2,80,79,90,2,79,84,77,2,82,78,87,1,31,31,35,2,77,92,88
2,68,53,38,1,27,43,63,2,54,57,53,2,83,79,79,2,73,74,65,2,82,85,76,1,20,72,78,1,29,35,37,2,68,60,64,2,75,65,62,2,71,68,69,1,65,61,57,1,81,78,74,2,80,79,79,2,62,76,65,2,87,80,74,2,79,69,76,2,64,55,55,2,70,79,77,2,74,82,79,1,73,67,73,2,87,86,84,1,68,80,72,1,94,74,80,1,6,8,6,2,75,68,70,2,67,68,62,1,73,59,59,2,81,82,82,1,82,65,69,2,77,72,68,1,67,68,64,2,75,64,65,1,76,66,66,2,78,69,53,2,84,68,63,1,86,54,61,2,79,62,76,2,68,67,64,2,85,62,70,2,69,73,69,1,66,75,69,2,69,64,71,2,80,74,81,2,73,70,61,2,62,63,62,2,72,71,72,2,73,73,74,1,70,69,66,1,72,72,60,2,80,65,71,2,72,62,65,2,71,64,69,2,70,74,67,1,84,66,80,2,90,76,80,1,73,66,71,2,71,71,65,2,70,66,70,2,75,74,64,2,74,69,68,1,100,100,100,2,80,65,61,1,78,74,80,1,84,87,92,1,83,76,76,2,73,80,76,2,100,100,100,2,81,72,68,2,67,73,66,1,100,100,100,2,93,79,84,2,94,94,91,2,64,66,70,2,99,100,100,2,80,70,70,2,76,80,76,2,84,79,79,1,100,100,100,1,97,88,87,1,99,90,98,1,92,83,68,2,100,100,100,2,85,75,82,2,99,100,89,2,77,82,67,1,60,59,57,1,70,66,66,2,73,57,58,1,66,59,59,1,62,60,57,1,69,67,65,1,66,58,57,2,92,90,88,2,65,60,62,2,56,55,58,1,70,58,58,2,99,96,92,2,76,78,70,2,66,71,68
2,91,95,96,2,90,93,92,2,89,90,91,2,90,92,91,2,90,92,95,2,88,92,96,2,98,92,94,1,90,89,94,2,89,87,93,2,86,88,93,1,90,90,91,2,90,90,91,2,91,88,95,2,88,91,91,2,91,85,90,2,88,92,91,2,91,89,96,2,89,88,95,1,89,86,91,2,86,93,88,2,93,89,94,2,95,88,96,2,94,90,94,2,97,89,93,2,90,91,93,2,92,92,93,2,92,88,94,2,90,92,93,2,91,88,94,1,91,91,95,2,93,90,93,2,91,91,92,2,91,90,95,2,90,89,94,2,95,93,92,2,91,91,89,1,89,89,91,2,94,92,94,2,90,93,92,2,89,96,87,2,88,92,93,2,93,89,95,2,91,93,95,2,93,93,93,2,92,91,96,2,90,92,96,2,85,95,90,2,91,94,88,2,92,92,92,1,94,94,91,2,89,94,94,2,92,94,94,2,90,92,91,2,90,91,92,2,89,93,96,2,94,90,92,2,91,90,92,2,91,93,94,2,87,92,95,2,94,91,95,2,96,94,95,2,91,93,94,2,90,96,99,2,91,95,95,2,92,94,96,2,90,93,94,2,89,94,93,2,96,92,95,1,92,91,94,2,91,93,94,2,93,90,93,2,94,92,93,2,92,92,94,2,90,92,93,2,91,91,95,2,89,87,93,2,91,92,94,1,86,94,95,2,93,90,95,2,96,94,96,2,95,95,95,2,87,93,95,2,91,94,93,2,93,95,96,2,91,94,96,2,91,96,93,2,92,95,99,2,92,94,94,2,95,94,92,2,89,88,94,2,88,90,97,2,90,91,92,2,93,87,94,1,91,92,92,2,93,93,96,2,93,94,95,2,95,94,93,2,93,91,95,2,93,92,95,2,96,95,94
2,96,95,97,2,95,93,94,2,94,96,93,2,97,96,93,2,97,97,94,1,96,93,98,2,95,93,97,2,97,93,97,2,97,94,90,2,97,93,97,2,94,92,97,2,95,94,96,2,96,90,94,2,96,89,96,2,95,91,99,1,95,98,95,2,95,93,96,2,96,90,98,2,94,90,98,2,95,93,97,2,95,96,93,2,96,92,95,2,95,97,92,2,95,87,97,2,95,86,97,1,92,96,94,2,95,93,97,2,92,95,97,2,94,94,97,2,95,97,96,2,96,96,95,2,94,90,96,2,94,95,93,2,98,94,97,2,98,92,99,2,97,93,95,2,95,91,97,2,95,91,97,2,96,96,96,2,96,93,94,1,94,96,97,2,94,95,92,2,94,95,91,1,98,94,95,2,94,95,92,1,97,96,96,2,96,96,92,2,97,96,98,1,98,94,99,2,96,95,98,1,97,98,98,2,97,95,96,1,94,98,95,2,97,97,96,1,96,97,98,2,98,96,97,2,97,96,97,2,95,97,96,2,95,97,94,1,97,94,98,2,96,93,99,2,97,94,95,1,97,96,96,2,98,97,97,1,95,96,98,2,95,95,97,2,95,95,93,2,96,96,95,2,96,96,96,2,94,95,97,2,96,95,94,2,97,96,94,2,96,92,97,2,97,97,97,2,95,95,99,2,93,95,95,2,97,90,96,2,95,94,99,2,96,95,97,2,97,96,98,2,96,98,96,2,97,96,94,2,98,92,97,2,96,98,91,2,94,98,95,1,95,96,97,2,95,94,96,2,94,97,93,2,94,98,97,2,95,95,96,1,98,96,92,2,95,96,98,2,97,96,96,2,96,98,95,1,95,97,94,2,95,93,96,2,95,93,97,1,95,95,92,2,93,95,94,2,95,93,96
2,82,100,88,2,77,91,76,2,100,80,97,2,77,51,76,1,83,51,81,2,82,51,83,1,25,24,25,1,51,51,51,2,71,51,72,1,82,91,81,2,96,100,95,1,6,100,98,2,71,51,71,2,100,98,98,2,62,92,63,1,51,26,51,2,92,92,92,2,92,92,92,2,99,100,98,1,61,92,70,1,0,0,100,2,51,51,51,2,90,92,92,1,51,51,51,1,0,0,0,2,51,51,51,1,51,51,51,2,77,51,51,2,96,51,84,1,10,51,11,1,9,0,10,2,51,51,51,2,91,100,92,2,92,96,91,2,95,98,95,2,100,100,100,1,0,0,0,1,4,0,5,2,91,100,99,2,98,98,98,1,10,10,11,2,98,100,97,2,93,92,91,1,12,3,10,2,100,100,100,1,10,0,10,2,91,51,51,2,92,51,91,1,10,0,9,2,30,15,16,2,51,51,51,2,100,100,100,2,100,100,100,2,51,51,51,1,18,20,19,1,51,51,51,2,51,99,51,2,51,77,51,2,51,51,51,2,80,51,79,1,9,10,10,2,51,51,51,2,70,51,51,1,81,51,81,1,51,51,51,1,20,21,20,1,25,19,19,2,92,92,92,2,100,100,100,1,20,0,25,1,51,51,51,2,51,51,52,1,51,51,51,2,91,91,92,2,96,100,95,1,51,51,51,2,77,76,77,1,51,51,51,2,82,100,80,1,21,91,20,2,76,51,78,2,51,51,51,1,20,4,19,1,51,51,51,2,70,51,70,2,87,51,85,2,83,81,81,2,82,81,83,2,97,98,97,1,9,0,9,1,11,9,9,1,5,0,5,1,6,0,5,2,92,92,91,2,92,92,92,1,5,0,5,2,92,100,93,2,98,100,97,1,5,0,5,1,51,51,51
2,75,85,90,2,80,100,80,2,100,100,90,2,60,100,50,2,70,90,60,2,90,100,70,2,50,85,50,2,30,70,25,2,10,75,5,1,35,25,15,2,70,85,65,1,65,25,50,1,30,0,40,2,75,100,75,2,85,100,70,2,25,65,20,2,25,80,20,2,50,90,35,2,75,100,75,2,25,75,20,1,0,0,0,2,75,75,75,1,60,50,75,1,25,0,35,1,0,0,0,2,50,100,50,1,10,0,5,2,15,75,10,2,25,90,25,1,10,20,75,2,10,50,5,1,10,50,10,2,25,90,10,1,0,0,0,2,90,100,85,2,75,100,75,1,0,0,0,1,0,0,0,1,0,0,0,2,50,75,25,1,20,0,20,2,90,100,90,2,20,70,20,2,75,75,75,2,100,100,100,1,25,0,25,2,50,75,50,2,35,50,35,2,60,75,60,2,20,100,20,1,10,25,10,2,85,100,85,2,90,100,90,2,50,100,50,1,90,0,90,2,20,55,20,1,90,0,85,2,25,90,25,1,20,75,20,2,10,60,10,2,80,95,80,1,5,0,5,1,50,20,50,2,95,100,95,1,10,5,10,1,5,50,5,1,15,30,15,2,75,100,75,1,10,0,10,1,0,0,0,1,0,0,0,2,10,55,10,1,15,15,15,2,15,75,15,2,100,100,100,2,50,75,50,2,50,50,50,1,25,25,25,1,0,0,0,1,0,0,0,1,10,10,10,1,10,10,10,2,50,100,50,1,10,25,10,1,10,30,10,1,25,0,25,2,50,90,50,1,10,0,10,1,0,0,0,2,85,100,57,1,0,0,0,1,0,0,0,1,0,0,0,2,85,100,65,2,100,100,82,1,40,0,10,2,100,100,100,2,100,100,100,1,0,0,15,1,10,50,50
2,82,95,89,1,96,91,99,2,97,86,99,2,98,94,100,1,99,97,99,2,99,95,99,2,98,95,98,1,100,95,99,2,100,97,99,2,99,98,98,2,99,94,100,2,98,96,99,2,97,87,99,1,99,99,88,2,96,85,99,2,92,87,98,2,94,88,100,2,97,88,99,2,97,92,95,2,88,86,97,1,95,86,100,2,97,98,92,2,98,84,100,2,100,96,98,2,100,99,100,2,100,98,96,2,95,99,94,2,96,94,100,2,100,94,98,2,97,97,100,2,89,94,91,2,93,97,99,2,98,97,97,2,100,93,97,2,97,96,96,2,98,93,98,2,100,92,99,2,97,94,99,2,100,94,99,2,99,96,99,2,99,95,99,2,100,92,100,2,100,97,100,2,91,95,96,2,94,80,99,2,98,88,97,2,95,81,97,2,97,98,98,2,96,85,98,2,91,90,100,2,100,97,97,2,99,91,99,2,98,93,97,2,99,92,99,2,99,96,100,2,100,96,100,2,95,96,100,2,92,99,100,2,100,91,99,2,97,95,100,1,100,89,100,1,83,99,92,2,100,94,98,2,100,95,98,2,99,95,98,2,92,91,100,2,97,99,99,2,100,97,99,2,97,96,99,2,99,95,98,2,100,95,99,1,100,99,99,1,98,97,99,1,98,96,99,2,99,94,99,2,99,97,99,2,99,94,98,2,99,97,98,2,99,96,99,2,100,94,98,2,98,95,99,2,100,95,99,2,99,95,98,2,99,94,98,2,99,97,100,2,98,100,97,1,99,95,100,2,99,95,98,2,99,98,100,2,99,98,100,2,100,95,100,2,100,78,99,2,90,99,98,2,92,98,98,2,92,91,99,2,97,94,99,2,99,96,99,2,98,97,96,2,99,98,100,2,100,98,99
1,31,28,29,2,72,71,71,1,35,33,32,1,26,27,28,1,7,6,5,2,70,72,72,2,60,57,57,2,60,61,62,1,28,29,29,1,4,4,3,2,74,76,77,2,73,75,75,2,68,68,68,2,79,78,77,2,72,72,71,1,26,27,27,1,24,23,24,2,75,76,77,1,31,34,30,1,25,24,24,1,4,3,2,2,71,66,71,2,62,65,63,1,24,30,27,1,6,6,5,2,59,60,60,2,63,64,63,2,63,62,64,2,67,63,60,2,65,60,63,1,42,41,37,2,75,66,70,2,81,76,81,2,71,74,66,1,29,21,28,2,94,94,94,1,13,15,13,2,87,86,85,2,84,78,77,1,29,29,29,2,74,68,71,1,21,24,23,2,79,74,74,2,78,72,74,1,17,19,20,1,31,30,28,2,75,70,70,2,72,66,69,2,72,76,74,1,30,29,29,2,75,73,73,2,85,83,84,2,80,84,81,2,84,80,81,1,26,23,23,1,24,22,25,1,25,23,24,2,78,68,70,2,86,75,76,2,77,72,75,2,81,73,77,1,19,22,21,1,23,23,24,1,21,22,23,2,79,68,69,1,40,51,40,2,57,55,57,2,64,52,57,2,65,54,62,2,92,94,97,2,66,63,69,2,74,70,70,1,20,30,30,2,87,80,81,2,83,86,87,2,85,87,90,2,82,79,79,2,71,78,75,1,31,31,33,1,25,31,23,2,76,76,87,2,82,81,85,2,73,80,72,2,76,74,81,2,77,77,80,1,23,27,25,1,29,34,23,2,82,75,87,2,80,86,74,1,28,28,31,2,85,70,82,1,26,33,29,2,63,61,67,1,32,33,33,2,94,93,91,2,59,57,60,2,62,53,63,2,67,63,67,2,67,60,70,2,74,63,72
2,71,83,84,1,29,31,42,2,74,90,84,2,84,98,90,2,88,98,86,2,91,99,87,2,93,82,99,2,90,82,94,2,87,100,87,2,86,97,81,2,90,76,93,2,90,96,82,2,89,78,99,2,89,83,94,2,93,81,100,2,90,77,95,2,88,98,87,2,89,77,95,2,89,77,97,2,92,76,97,1,78,96,84,1,40,35,39,2,87,72,92,2,76,90,84,1,26,38,42,2,92,84,99,2,90,74,93,2,90,78,93,1,28,39,27,2,92,90,99,2,91,99,86,2,89,100,86,2,84,90,92,1,35,39,39,2,88,79,93,2,87,100,89,1,24,38,32,1,41,31,23,2,89,100,82,2,95,83,100,2,87,95,87,2,87,97,92,2,89,99,86,2,89,99,90,2,97,88,100,2,94,82,99,2,83,96,84,2,88,99,91,1,29,39,40,2,93,84,99,2,96,89,100,2,91,98,86,2,89,82,99,2,92,79,96,2,87,80,96,2,81,95,88,1,37,28,38,2,93,80,96,1,25,36,33,1,23,39,30,1,28,28,30,1,22,37,36,2,91,100,93,2,84,94,86,2,91,81,97,2,95,88,100,2,90,98,95,2,92,100,90,2,86,98,94,2,90,98,87,2,92,85,98,2,84,94,84,2,88,98,90,2,83,96,81,2,90,80,95,2,84,97,79,2,83,95,88,2,90,79,100,1,25,29,23,2,95,84,96,2,92,81,95,2,88,76,98,2,85,95,82,2,88,100,86,2,95,82,97,2,93,77,95,2,92,83,96,2,87,98,91,2,83,79,95,1,16,31,25,2,91,84,97,2,91,80,93,1,18,33,28,2,86,76,97,2,87,76,96,2,93,80,99,2,83,95,83,2,89,81,98,1,19,36,30,2,88,79,100
2,81,100,51,2,85,100,61,2,100,100,100,2,75,100,66,2,79,100,78,2,100,100,100,1,51,100,51,2,60,100,66,2,21,100,37,1,0,0,0,2,3,0,3,2,51,71,51,1,21,0,17,2,77,100,64,2,83,100,51,2,34,100,28,1,12,0,12,2,72,100,70,2,75,100,81,2,18,100,27,1,0,0,0,2,64,100,68,2,51,100,72,1,51,0,51,1,0,0,0,2,79,100,82,1,51,51,51,2,51,86,69,2,68,100,75,1,32,1,5,2,72,100,78,1,39,0,22,2,73,100,87,1,7,0,6,2,66,100,77,2,100,100,100,1,0,0,0,1,4,0,4,1,9,0,11,1,51,0,15,1,39,0,15,1,0,0,0,2,51,67,51,2,91,100,81,2,100,100,99,2,72,100,77,2,64,83,61,2,51,51,51,2,100,100,100,2,62,100,71,2,71,100,73,2,69,100,73,2,67,100,76,2,67,100,73,1,76,0,51,2,51,100,77,2,100,100,100,2,70,100,74,2,66,100,71,2,74,99,68,2,71,100,76,1,19,0,15,2,76,100,76,2,82,100,79,1,14,0,8,1,14,0,16,1,51,0,23,2,100,99,99,1,15,0,13,1,14,0,12,1,15,0,18,2,51,100,73,2,66,94,73,1,32,0,23,2,78,100,80,2,78,100,82,2,51,100,62,2,74,100,77,1,12,0,12,1,0,0,0,2,71,100,65,2,70,95,78,2,76,100,77,1,21,0,20,2,78,100,76,1,20,0,10,2,76,100,75,1,25,0,25,1,51,0,51,2,51,100,73,2,51,100,68,1,14,1,12,1,13,0,15,2,72,100,75,2,73,100,76,1,23,0,17,2,80,100,77,2,72,100,76,2,70,100,67,1,15,0,15
2,72,91,61,2,72,92,61,2,81,82,70,1,70,39,61,2,81,95,73,1,60,20,51,1,63,41,55,1,60,50,53,1,40,45,36,1,30,20,18,2,79,80,66,1,39,35,37,1,18,4,9,2,92,97,82,2,92,96,87,1,39,33,28,1,30,17,32,2,62,61,72,2,82,86,71,1,41,50,45,1,30,10,34,1,43,35,57,2,60,66,53,1,39,28,44,1,18,5,12,1,41,29,36,2,71,77,65,1,41,33,46,1,31,24,24,1,61,67,55,2,61,67,55,1,41,35,44,2,82,92,71,1,31,20,35,2,82,86,66,2,65,71,53,1,18,4,18,2,80,88,70,1,22,4,20,2,70,82,61,2,77,84,67,1,19,13,27,1,40,30,50,2,71,81,62,2,97,100,95,1,28,23,31,2,64,69,54,2,82,88,72,1,37,34,46,2,70,79,61,1,36,30,50,2,85,95,79,2,76,87,67,2,70,81,62,1,42,34,46,1,34,26,35,1,18,8,17,2,71,80,68,2,60,67,55,2,75,87,71,2,72,79,69,1,75,81,65,2,80,87,75,2,92,96,89,2,69,77,64,2,78,88,70,1,30,23,35,2,82,92,77,1,18,11,26,1,28,20,37,2,74,82,64,1,28,21,35,1,72,67,72,1,30,22,30,2,82,92,77,2,80,88,75,2,65,71,64,1,33,29,35,1,26,10,24,1,15,6,19,2,67,79,61,2,68,83,63,2,85,94,78,1,40,29,44,2,57,68,55,2,76,85,66,1,40,36,45,1,23,9,25,2,60,78,65,2,68,75,62,2,63,72,61,1,39,33,46,2,64,75,63,2,60,70,56,1,59,41,62,1,11,2,10,2,64,75,59,2,68,78,63,2,68,75,68,1,50,50,50
2,78,90,85,2,85,83,90,2,68,83,77,1,25,34,29,2,87,79,87,1,15,27,21,2,87,84,74,2,82,80,84,2,89,75,86,1,20,25,23,2,80,91,80,2,83,78,82,1,25,17,27,2,76,86,83,2,74,85,77,1,32,25,18,2,77,71,83,2,79,68,80,2,85,76,84,1,17,24,13,2,81,84,77,2,80,78,80,2,79,78,86,1,79,87,77,2,75,83,79,1,78,83,80,2,82,75,84,1,17,24,16,2,82,84,77,2,80,81,95,2,78,84,80,2,76,85,78,2,81,77,85,2,80,75,84,2,78,92,84,1,19,28,21,2,78,79,84,1,75,84,77,2,73,86,84,2,82,77,88,2,84,78,76,2,84,77,76,2,88,82,80,1,79,93,84,2,83,84,87,2,75,78,77,2,73,78,77,2,72,86,77,2,85,80,89,2,85,77,86,2,71,83,81,2,69,76,76,2,93,84,76,2,79,80,82,2,85,73,82,2,78,96,82,2,79,72,84,2,78,72,78,1,21,15,24,2,84,77,77,2,84,75,95,2,82,85,87,2,85,78,95,2,87,82,82,2,75,87,75,2,82,77,82,2,89,85,76,2,77,74,75,2,84,79,85,2,76,83,81,2,71,80,83,1,25,15,25,2,78,77,90,2,77,70,82,2,82,75,80,2,78,67,78,2,82,76,75,2,77,83,79,1,26,19,26,2,83,79,85,2,73,72,76,2,69,73,81,2,66,72,83,1,72,71,71,2,73,78,65,2,68,70,78,2,71,69,78,2,73,73,82,2,77,76,85,1,34,31,25,2,81,81,73,2,78,76,83,2,79,65,81,2,77,75,81,2,72,84,78,2,77,85,77,1,18,23,13,2,77,74,88,2,86,76,89,2,83,75,84
2,80,92,76,2,81,87,94,1,81,91,83,2,85,92,82,2,81,91,83,2,82,90,98,2,81,90,96,2,80,88,95,2,83,91,97,2,86,92,97,2,84,88,92,2,85,94,85,2,86,95,84,2,81,90,97,2,94,73,92,1,81,95,84,2,82,91,82,2,81,89,97,1,81,96,85,2,82,91,98,2,93,85,92,2,84,97,85,1,89,97,87,2,83,92,98,2,95,82,95,2,89,79,92,2,83,91,96,2,97,86,91,2,81,92,98,2,81,89,97,2,83,89,97,2,93,81,88,2,82,89,96,2,95,83,91,2,80,87,95,2,91,82,89,2,80,91,81,2,85,93,81,2,79,97,81,2,83,96,77,2,80,94,88,2,78,93,84,2,82,95,85,1,76,88,95,2,79,90,97,1,83,93,83,2,90,77,95,2,83,91,76,2,91,78,94,2,87,97,76,2,83,94,78,2,86,86,95,2,78,94,82,1,79,89,95,2,85,91,82,2,80,93,83,1,78,93,82,2,82,92,83,2,85,95,85,2,85,93,87,2,84,93,97,2,92,79,86,2,84,90,96,2,90,81,96,2,84,92,97,2,82,92,81,2,78,90,94,2,94,79,94,1,79,86,93,2,82,94,84,2,81,95,81,2,86,92,83,2,84,94,84,1,80,88,92,2,90,81,90,2,83,93,81,2,83,92,79,2,81,94,97,2,92,80,92,2,82,92,79,2,80,84,93,2,89,77,89,2,92,79,90,2,84,92,84,2,84,91,97,2,92,80,93,1,85,95,84,2,90,81,90,2,83,89,81,2,95,85,91,2,84,90,95,2,97,85,92,2,83,90,96,2,91,75,95,1,85,92,85,2,83,88,95,2,94,85,95,2,83,93,83,1,84,89,94,2,94,83,86
2,70,100,79,2,100,100,100,2,70,100,78,2,65,77,74,1,30,0,22,2,100,100,100,1,60,0,67,2,70,100,82,1,44,10,22,1,12,0,0,2,74,100,79,1,39,44,43,1,69,0,74,1,87,19,83,2,100,100,100,2,67,90,80,1,69,18,57,2,79,90,83,2,72,88,77,2,73,51,77,1,19,7,16,2,79,93,88,1,16,6,7,1,26,0,27,1,0,0,5,2,72,90,81,2,75,57,74,1,35,44,60,2,77,100,87,1,32,10,27,1,42,0,65,1,36,0,37,2,77,88,90,1,0,0,9,2,70,100,90,2,95,100,88,1,53,0,41,1,42,0,45,1,15,0,7,1,39,8,17,1,15,8,16,2,65,74,75,2,81,96,82,2,75,89,86,2,73,55,77,2,75,87,78,1,48,0,61,2,74,90,84,2,82,93,80,2,50,51,50,1,68,50,70,2,84,96,79,1,66,19,61,2,71,59,79,1,20,0,15,1,75,13,73,2,61,55,68,2,66,100,83,1,32,12,32,1,35,14,38,1,32,13,43,1,30,0,29,1,26,11,41,2,68,90,77,1,64,25,73,2,62,65,68,1,16,3,22,2,86,100,90,2,100,100,96,2,85,91,92,1,22,0,20,2,79,95,79,1,82,3,74,2,85,91,95,2,90,95,95,2,61,84,61,2,62,100,75,1,64,14,31,1,16,0,19,1,13,0,17,2,85,97,91,1,65,0,65,2,81,94,81,1,26,16,43,2,71,93,79,2,91,95,92,2,79,92,94,1,31,6,36,2,68,50,69,2,95,100,92,2,81,62,83,1,20,14,21,1,34,51,38,2,89,100,93,1,83,51,73,1,18,0,17,2,83,100,89,2,79,95,86,1,22,44,24,2,83,54,88
2,84,88,80,2,73,74,87,2,66,82,72,2,83,85,79,1,70,68,66,2,74,76,70,1,82,82,64,1,80,53,65,1,66,70,62,1,76,67,72,2,76,68,67,2,87,74,78,1,85,67,78,2,89,78,67,2,71,72,65,2,91,69,91,2,81,73,83,2,80,81,76,2,84,84,83,1,82,64,63,1,68,67,66,1,82,70,68,1,76,70,71,1,79,77,71,1,69,71,71,2,80,75,74,2,71,75,67,2,79,62,73,2,84,79,78,2,66,53,57,1,76,60,63,2,68,68,67,2,81,61,81,1,81,77,78,2,84,82,72,2,83,63,79,1,87,66,79,1,79,73,72,1,68,77,79,1,69,61,57,1,70,69,65,1,68,63,74,2,79,84,73,2,87,84,87,2,79,70,77,2,69,70,77,1,89,81,79,2,77,79,74,2,83,92,80,2,89,76,87,1,91,86,79,2,85,75,77,2,91,73,78,2,85,57,87,1,81,73,77,2,85,79,87,2,86,71,79,2,78,82,87,2,90,82,78,1,87,79,87,2,79,79,85,1,85,73,81,2,77,81,64,2,80,85,84,1,74,73,79,1,69,78,76,1,76,77,74,2,81,81,68,1,86,74,76,1,82,73,67,1,74,76,74,1,66,81,78,1,75,71,76,1,82,70,78,1,83,81,77,2,79,73,75,2,80,75,81,2,85,75,81,1,79,77,79,1,84,76,76,2,87,74,82,1,72,82,76,2,80,72,76,1,88,70,83,2,84,75,71,2,74,57,65,1,77,75,78,1,75,71,65,1,80,66,78,2,75,67,69,1,79,70,70,1,64,68,78,1,78,64,73,2,83,76,73,2,72,69,73,1,80,73,76,2,74,71,75,2,82,72,82,1,66,77,78,1,88,79,68
2,83,77,90,1,85,76,90,2,89,76,84,1,88,79,93,1,89,82,91,2,91,79,91,1,82,77,93,2,89,83,92,1,83,92,86,2,88,78,90,2,91,79,85,1,83,95,81,2,94,78,88,2,92,80,90,1,86,76,89,2,85,73,89,1,89,73,91,1,82,68,88,2,87,75,85,2,86,72,83,2,84,73,83,2,91,79,90,2,88,78,92,1,88,81,82,2,92,78,87,2,89,79,82,2,91,82,87,2,91,73,89,1,83,76,92,1,91,80,94,2,80,91,80,1,76,89,81,2,86,75,89,2,92,77,88,2,89,73,88,2,85,74,89,2,88,74,84,2,85,74,88,2,91,76,89,1,88,75,90,2,91,79,95,1,82,75,92,2,89,78,91,2,72,90,83,2,91,76,94,1,89,80,92,2,88,77,89,1,92,78,90,2,85,76,91,2,93,77,91,1,81,73,92,2,89,77,91,2,92,80,92,2,91,79,97,1,94,76,76,1,92,80,91,2,90,77,92,2,91,76,89,1,92,72,84,2,90,71,93,2,94,79,91,1,93,81,89,2,78,85,78,1,84,72,92,2,94,80,90,2,91,78,92,2,81,93,80,1,84,79,93,2,94,78,91,2,89,74,89,2,92,79,92,1,86,77,95,2,92,77,92,2,91,80,87,2,88,77,88,2,91,77,87,2,86,77,89,2,81,73,91,1,88,79,95,1,84,92,78,2,94,78,86,2,89,75,88,1,94,81,93,1,89,75,93,2,92,78,90,2,89,74,85,1,85,74,86,2,93,76,83,1,89,80,89,1,90,76,89,1,94,79,95,1,90,78,94,2,90,76,91,2,92,83,92,2,89,78,88,1,88,82,92,2,96,80,89,1,91,83,92,1,88,77,93,2,88,79,96
2,85,70,83,2,86,65,81,1,73,65,81,2,88,68,77,1,68,86,73,2,80,90,70,2,79,89,68,1,82,69,81,2,87,67,79,2,74,88,70,1,72,87,75,2,70,90,71,2,86,77,86,1,39,78,72,2,86,92,75,1,70,89,77,2,90,73,83,1,82,68,85,2,86,75,84,2,70,87,67,1,83,72,85,2,73,90,81,2,89,77,68,2,76,94,82,1,75,63,86,2,82,64,77,1,59,86,75,2,80,91,72,2,68,87,76,2,87,68,85,1,87,73,82,2,90,85,75,1,63,80,71,2,79,66,84,2,86,67,77,2,71,89,76,1,68,86,72,2,90,68,79,2,84,69,80,1,73,87,67,1,87,68,82,2,65,84,74,2,86,66,78,2,73,65,86,2,83,67,80,1,74,89,72,2,72,86,71,2,73,91,82,2,74,87,77,1,83,74,82,2,75,90,73,1,83,68,30,2,34,81,68,2,78,68,83,1,36,64,73,2,76,87,74,2,85,74,64,1,37,74,84,2,86,73,83,2,79,86,76,1,85,71,86,1,38,70,88,2,83,81,90,2,86,81,66,2,82,71,39,2,74,87,74,2,72,89,74,2,77,91,76,2,87,73,42,1,32,68,39,2,80,65,86,2,85,74,82,2,81,76,88,1,37,34,72,2,81,69,86,2,86,75,36,2,84,30,65,2,91,75,65,1,33,29,78,2,78,67,82,1,75,86,68,2,81,63,31,2,84,68,35,2,85,70,85,1,63,79,87,2,90,72,91,1,30,67,38,2,86,75,85,1,30,36,24,2,81,75,86,1,79,93,68,1,67,35,21,2,81,71,86,2,74,89,70,2,87,73,66,2,78,72,85,2,71,86,74,1,72,74,86,2,74,83,74,2,84,74,91
2,85,74,75,1,44,28,25,2,89,91,85,2,86,92,90,2,85,92,92,2,95,90,85,2,91,92,88,1,18,18,16,1,23,23,21,1,21,22,17,2,86,94,89,2,88,93,88,2,85,87,87,2,84,88,87,2,90,88,84,1,21,13,14,1,18,14,7,1,18,17,17,1,15,9,7,2,85,90,90,1,18,13,14,2,88,92,91,1,14,12,13,2,89,90,87,1,19,14,17,1,20,17,15,1,16,12,11,2,85,87,88,2,87,91,84,2,90,94,92,2,84,88,90,1,18,14,11,2,90,88,78,2,90,88,91,1,16,14,14,2,93,92,93,1,17,15,11,1,12,10,12,2,85,93,92,2,88,93,93,2,93,93,89,2,93,89,88,2,92,95,90,2,92,94,91,2,94,94,92,2,91,93,90,2,88,87,88,2,90,90,91,1,14,16,16,2,85,84,84,1,16,10,17,2,89,89,93,2,68,83,72,2,93,83,72,2,86,77,95,2,74,71,78,2,83,81,74,2,75,75,68,2,74,81,74,2,80,69,73,2,82,68,78,2,84,70,79,2,87,87,89,1,14,12,16,2,74,71,76,2,90,88,92,2,92,91,88,1,21,17,18,2,88,90,83,2,86,91,90,1,16,17,14,1,18,11,12,1,13,12,17,2,92,92,89,2,90,91,95,2,95,93,95,2,89,88,95,2,91,90,93,2,87,83,85,1,16,17,13,2,91,94,81,2,90,95,87,2,90,93,90,2,85,89,91,2,92,93,91,1,16,14,10,2,88,91,89,2,90,92,93,1,17,15,11,1,16,20,26,1,14,20,20,1,9,11,11,2,90,90,87,2,91,91,89,2,87,88,84,1,22,17,14,1,20,24,20,2,90,90,87,1,23,13,15,2,86,88,86
2,100,100,100,1,100,100,100,1,100,100,100,2,100,100,100,2,100,100,100,2,100,100,100,2,100,100,100,2,100,100,100,2,100,100,100,1,100,100,100,2,100,100,100,2,100,100,100,2,100,100,100,2,100,100,100,2,100,100,100,1,0,0,100,2,100,100,100,2,100,100,100,2,100,100,100,2,100,100,100,1,100,100,100,2,100,100,100,2,100,100,100,2,100,100,100,1,0,0,100,2,100,100,100,2,100,100,100,2,100,100,100,2,100,100,100,2,100,100,100,2,100,100,100,1,0,0,100,2,100,100,100,2,100,100,100,2,100,100,100,2,100,100,100,1,0,0,100,2,100,100,100,2,100,100,100,2,100,100,100,2,100,100,100,2,100,100,100,2,100,100,100,2,100,100,100,2,100,100,100,2,100,100,100,2,100,100,100,2,100,100,100,2,100,100,100,2,100,100,100,2,100,100,100,1,0,0,100,2,100,100,100,2,100,100,100,2,100,100,100,2,100,100,100,1,0,0,100,2,100,100,100,2,100,100,100,2,100,100,100,2,100,100,100,2,100,100,100,2,100,100,100,2,100,100,100,1,0,0,100,2,100,100,100,2,100,100,100,2,100,100,100,2,100,100,100,2,100,100,100,2,100,100,100,2,100,100,100,2,100,100,100,2,100,100,100,1,0,0,100,2,100,100,100,2,100,100,100,2,100,100,100,2,100,100,100,1,0,0,100,2,100,100,100,2,100,100,100,2,100,100,100,2,100,100,100,2,100,100,100,2,100,100,100,2,100,100,100,2,100,100,100,2,100,100,100,2,100,100,100,2,100,100,100,1,0,0,100,2,100,100,100,2,100,100,100,2,100,100,100,2,100,100,100,2,100,100,100,2,100,100,100,2,100,100,100,2,100,100,100
2,99,93,99,2,98,100,97,2,94,90,100,2,97,100,95,1,94,100,95,2,97,99,94,2,97,99,93,2,96,99,94,2,97,98,93,1,96,100,96,2,95,99,93,2,98,92,97,2,100,93,99,2,95,99,92,1,97,97,90,2,98,92,98,2,99,92,98,2,96,92,98,2,97,93,98,2,100,91,99,2,98,100,90,2,97,92,99,2,95,99,96,2,93,100,93,1,95,100,95,2,100,94,99,2,97,89,97,2,99,92,98,2,91,99,92,2,90,99,94,2,100,95,100,2,90,99,94,2,91,99,95,2,98,92,98,1,92,98,93,2,91,100,92,2,98,91,98,2,88,98,93,2,92,98,95,2,98,91,97,2,94,100,95,2,94,99,93,2,92,100,93,2,92,98,89,2,95,91,98,2,89,96,89,2,88,96,91,2,100,95,99,2,88,97,94,2,95,86,100,2,96,90,96,2,93,99,95,2,97,91,98,2,100,93,99,2,100,92,98,2,98,89,94,2,96,91,99,2,94,97,92,2,98,90,97,2,93,98,92,2,97,88,98,2,91,96,89,2,94,98,96,2,96,90,97,2,97,85,95,2,97,90,96,1,88,99,93,2,98,92,99,2,97,91,99,2,96,96,97,2,94,100,95,2,95,95,95,2,90,99,93,2,98,90,95,1,90,95,99,2,95,89,97,2,100,98,99,2,89,100,93,1,98,98,99,1,96,100,97,2,98,100,99,2,94,100,96,2,99,94,99,2,90,100,96,2,99,95,99,2,99,92,97,2,98,95,98,2,96,99,93,2,97,92,98,2,97,93,99,2,96,94,100,2,96,100,96,2,100,92,98,2,99,95,100,2,100,96,100,2,99,94,100,2,96,100,93,2,92,99,97,1,100,86,94,2,90,97,95
2,69,38,65,2,57,40,58,2,63,44,60,2,65,51,59,1,56,51,60,2,45,51,66,2,53,70,56,2,64,60,51,2,75,70,72,2,51,60,57,2,45,61,51,2,51,64,60,2,66,51,51,2,67,51,67,2,66,51,58,2,62,51,62,1,58,51,60,2,63,51,56,2,63,51,57,2,63,78,75,2,41,77,64,2,51,71,51,2,60,46,51,2,51,62,53,2,51,63,51,2,47,56,51,2,60,51,57,2,65,47,69,2,58,45,65,2,60,51,51,2,57,74,48,2,59,73,51,2,59,49,63,2,51,48,65,2,57,51,61,2,56,61,45,2,67,51,64,1,63,46,59,2,57,51,65,2,57,51,51,2,51,77,62,2,65,51,67,2,43,64,55,2,51,69,54,2,41,46,65,2,59,43,57,2,51,63,51,2,56,72,55,2,66,44,60,2,65,51,61,2,62,51,57,2,51,62,55,2,59,55,65,2,61,67,38,1,57,46,67,2,62,46,63,2,55,51,67,2,56,46,67,2,66,44,60,2,63,68,58,2,75,68,73,2,62,42,83,2,80,61,62,2,82,80,67,2,74,66,63,2,76,37,68,2,28,74,69,2,72,68,67,2,79,51,72,2,63,62,85,2,79,75,74,2,67,68,99,2,72,72,95,1,77,34,90,1,52,68,21,2,87,82,95,1,82,83,33,1,88,40,75,2,85,84,55,2,58,51,51,2,66,43,58,2,51,66,51,2,55,51,59,2,62,51,51,2,70,60,73,2,62,51,62,2,51,73,54,2,51,70,51,2,69,67,77,2,55,76,62,2,62,51,65,2,51,65,58,2,51,61,44,2,58,51,51,2,56,51,60,2,51,55,42,2,72,51,51,2,45,69,57,2,67,51,63,2,63,51,51
2,30,70,70,2,75,85,61,2,100,100,90,1,60,45,24,1,9,0,10,2,100,100,100,1,45,0,40,1,10,0,20,1,60,19,40,1,10,0,5,2,100,100,100,2,95,100,90,1,24,0,25,2,60,90,91,2,100,100,100,2,60,100,90,2,60,54,76,2,55,100,67,2,86,100,95,2,52,48,70,1,0,0,100,1,66,40,62,1,0,9,96,1,36,0,76,1,0,0,100,1,30,41,81,2,75,54,80,2,50,50,2,2,81,91,66,1,40,46,10,1,29,0,66,1,35,28,40,2,92,100,92,1,0,0,7,2,100,100,100,2,100,100,100,2,77,91,92,1,11,0,29,1,0,0,0,2,62,57,79,1,57,46,74,2,92,100,86,2,62,92,71,2,100,100,100,2,100,100,100,2,57,51,70,2,58,92,59,2,53,100,30,2,100,100,100,2,55,52,39,1,50,48,36,2,100,100,100,2,81,100,72,2,72,97,66,1,46,49,30,2,51,51,18,2,61,91,66,2,25,100,34,2,52,66,38,2,90,61,79,2,89,73,77,1,45,100,45,2,66,74,74,2,71,56,82,1,14,0,35,2,51,50,26,1,29,39,26,2,100,100,100,1,32,0,61,1,4,0,41,1,0,0,16,2,35,59,30,2,51,47,17,2,74,100,87,2,90,100,96,2,64,91,58,2,51,52,14,2,35,52,32,1,19,0,34,1,0,0,0,1,54,51,29,1,51,0,60,2,100,100,100,2,57,51,43,1,65,19,59,1,70,0,63,2,58,100,61,1,36,8,35,1,41,15,36,2,81,100,80,2,51,49,9,1,18,13,64,1,10,0,73,1,60,42,36,2,95,100,100,1,36,0,35,2,100,100,91,2,100,77,75,2,87,86,100,2,51,50,6
2,91,100,94,2,82,100,88,2,100,100,96,2,75,91,81,1,13,8,17,2,100,100,100,2,51,51,51,1,29,17,23,1,40,34,51,1,2,0,2,2,78,76,79,1,2,0,0,1,0,0,0,2,95,98,95,2,98,99,100,1,16,5,16,2,86,90,82,2,91,96,83,2,96,99,94,1,17,9,8,1,3,1,5,2,85,94,91,1,2,0,1,1,51,51,51,1,0,0,0,2,94,100,97,2,51,51,51,1,50,50,50,2,61,72,57,2,51,50,50,2,85,89,75,1,23,4,16,2,98,98,90,1,0,1,3,2,96,98,89,2,96,100,99,1,50,50,24,1,8,2,4,1,1,0,2,2,77,97,85,1,31,0,30,2,100,100,100,2,51,51,51,2,100,100,99,2,97,99,99,2,97,98,99,2,100,92,97,2,93,87,93,2,90,100,90,2,84,100,89,2,51,51,56,2,99,100,98,2,99,100,99,2,77,94,80,2,80,86,66,2,74,98,78,2,42,62,57,2,87,100,82,1,26,12,24,2,34,55,26,1,15,7,6,1,36,16,24,2,60,81,66,2,74,89,80,1,51,50,45,2,84,80,75,2,69,50,70,2,95,100,99,1,2,0,6,1,32,6,20,2,97,95,93,2,81,50,55,2,51,50,51,2,81,92,77,2,100,100,100,2,88,99,93,2,65,50,70,2,92,98,95,1,1,0,3,1,0,0,0,2,74,91,89,2,92,96,93,2,66,93,84,2,77,85,79,2,89,95,87,2,69,90,89,2,87,98,95,1,7,0,2,2,92,99,92,2,63,96,72,2,70,98,77,2,89,91,72,2,93,58,81,2,76,90,70,2,95,98,96,1,2,0,2,2,91,95,95,2,100,99,99,1,32,4,22,2,57,50,50
1,0,0,1,2,93,78,89,2,51,56,51,2,83,100,75,2,83,100,74,2,94,100,81,2,63,86,76,1,33,0,31,1,28,0,30,1,20,10,18,2,84,100,84,2,78,81,72,2,57,51,51,2,71,84,73,2,73,89,78,2,74,93,81,1,39,51,45,2,87,100,85,2,75,89,83,1,51,56,51,1,30,0,21,2,68,78,76,1,18,0,27,1,51,51,48,1,15,0,12,2,64,100,75,2,51,55,51,1,51,51,51,2,73,89,76,2,66,73,71,2,74,95,76,1,51,51,51,2,80,100,87,1,35,21,30,2,68,88,80,2,83,100,88,2,80,98,86,2,88,100,96,2,82,100,87,1,50,51,51,1,51,51,51,2,73,100,87,2,51,51,51,2,92,100,93,2,92,100,97,1,20,0,6,2,51,51,51,1,51,51,51,2,76,90,73,2,60,74,63,1,51,51,51,2,87,100,95,2,88,100,90,2,73,87,77,1,51,51,51,1,51,51,51,1,70,85,71,2,66,85,77,1,33,14,33,2,64,76,75,1,73,83,78,1,21,6,16,2,73,83,77,1,51,51,51,1,51,51,51,1,51,51,51,1,51,51,51,2,74,100,86,1,48,32,42,1,35,13,29,1,18,0,13,1,51,51,51,1,51,51,51,2,60,70,65,2,86,99,92,2,51,51,51,2,51,51,51,1,51,51,51,1,20,0,17,2,71,86,73,1,51,51,51,1,51,51,51,2,70,83,77,1,51,51,51,2,59,60,59,1,51,0,22,2,70,92,67,1,36,28,37,2,92,100,96,2,51,51,51,1,51,51,51,1,41,33,35,1,33,27,31,2,64,100,74,2,64,92,77,1,25,0,24,2,51,51,51,2,78,100,83,2,82,92,83,1,51,51,51
2,69,78,72,1,70,86,78,2,70,85,76,2,74,86,76,2,80,73,79,2,77,74,84,2,80,76,82,2,76,86,78,2,77,80,75,2,80,71,80,2,72,84,72,2,76,70,71,2,76,82,76,2,73,82,74,2,80,78,90,2,82,78,87,2,84,77,88,2,69,88,68,1,71,84,61,2,76,78,74,2,74,82,75,2,79,76,82,2,74,89,69,1,74,89,76,1,80,83,72,1,75,60,86,2,70,84,75,1,82,86,69,1,68,83,67,1,72,75,87,2,77,70,81,2,75,69,83,2,72,77,79,2,75,67,82,2,73,90,74,2,74,88,75,1,70,83,72,2,69,83,71,2,77,72,85,2,73,85,76,2,71,85,68,1,66,83,73,1,72,76,65,1,78,70,79,2,70,89,72,2,81,60,82,2,70,85,74,2,69,74,75,2,75,72,87,2,67,85,69,2,61,76,83,1,62,74,74,2,70,83,67,2,75,83,74,2,78,73,88,2,87,72,88,2,79,65,88,2,64,83,74,2,75,85,75,2,75,86,74,2,67,85,72,2,70,77,61,2,78,89,81,2,74,88,74,1,67,84,72,1,77,62,76,2,69,83,72,2,60,75,68,2,67,74,80,2,80,69,78,1,75,83,75,2,69,89,67,2,81,73,82,2,83,75,87,2,71,82,71,1,59,80,65,2,66,72,89,2,79,70,88,2,67,81,71,2,84,67,80,2,80,83,62,2,72,86,74,2,70,84,77,2,69,85,71,2,74,83,74,2,70,84,73,2,85,79,78,2,70,85,74,2,74,87,75,2,82,77,87,2,64,78,74,2,69,81,71,2,84,72,89,2,86,79,73,2,75,86,83,2,74,70,85,2,71,95,78,2,82,74,91,1,61,81,73,2,75,83,76
1,9,15,17,2,94,98,91,2,51,51,51,2,86,88,86,1,3,0,1,2,88,87,83,1,12,42,29,2,68,71,71,1,30,43,35,2,56,51,51,1,34,51,31,1,39,51,45,1,36,51,51,1,51,51,51,2,100,100,100,1,39,46,46,1,42,51,48,1,61,65,51,2,76,78,78,2,70,72,72,1,39,51,41,2,58,60,60,1,30,27,35,1,2,1,1,1,0,0,0,1,28,43,44,2,51,51,51,2,51,51,51,2,51,51,51,1,18,48,48,2,59,60,51,1,2,0,3,1,33,51,48,2,76,64,69,2,98,97,88,2,100,100,98,1,53,51,51,2,87,92,91,1,10,9,13,1,47,51,51,2,79,58,75,1,51,51,51,2,51,51,51,2,95,95,92,2,100,100,100,1,51,51,51,1,19,23,31,2,91,95,91,2,96,100,96,2,82,79,86,1,44,51,51,2,100,100,99,2,76,65,76,1,51,51,51,2,70,63,74,1,53,51,51,1,51,51,51,2,90,96,85,2,86,83,85,2,68,56,76,1,47,51,51,1,4,0,10,1,7,8,9,2,75,67,61,1,51,51,51,1,44,51,51,2,58,51,52,2,97,98,92,1,44,37,51,1,28,27,45,1,1,1,4,2,77,70,72,1,24,51,51,2,73,74,72,2,100,99,99,2,61,60,59,2,51,51,51,2,71,74,65,1,0,1,0,1,12,6,9,2,60,51,51,2,59,55,57,2,100,100,100,2,56,52,51,2,70,64,67,2,55,53,51,2,54,51,51,1,6,5,6,2,59,51,51,2,88,81,81,2,51,51,51,1,21,21,21,1,23,20,28,2,83,79,77,2,53,51,51,2,51,51,51,2,63,51,51,2,85,91,90,2,62,51,56,2,51,51,51
2,94,87,85,2,74,70,77,2,70,73,79,2,99,100,100,1,97,100,100,2,100,99,100,2,94,94,93,1,63,66,60,1,62,59,45,1,92,96,94,2,98,99,99,2,75,85,82,1,82,73,72,2,65,68,64,2,82,78,87,2,93,82,88,2,84,79,86,1,86,80,85,2,87,81,88,2,54,55,56,2,82,85,86,2,87,84,89,1,88,75,84,1,72,82,76,1,87,89,89,2,87,91,89,1,75,85,78,2,81,86,84,2,88,84,90,2,81,70,80,2,78,75,84,1,81,74,84,2,83,78,87,2,86,81,85,2,78,85,81,2,80,86,80,1,80,86,83,2,82,76,84,2,73,84,81,2,72,86,77,1,77,88,82,1,82,77,85,2,77,85,78,2,81,85,80,1,78,84,80,1,95,87,91,2,70,76,71,1,74,71,79,2,73,81,73,1,66,77,71,2,80,89,84,2,90,93,89,2,93,89,90,2,85,82,88,2,90,82,93,2,85,88,85,1,83,79,89,2,93,90,94,2,76,86,80,1,80,85,77,2,77,73,79,1,75,83,77,2,81,76,81,2,77,86,77,2,69,75,70,1,73,84,80,2,81,74,84,2,82,76,85,2,87,82,87,2,59,54,55,1,85,80,87,2,83,87,84,2,55,57,59,2,77,80,79,2,85,81,84,1,69,68,70,2,76,81,77,1,71,76,74,1,73,70,77,1,78,82,79,2,79,83,80,2,85,82,85,2,86,82,86,2,66,74,70,1,76,84,79,2,77,74,80,2,82,80,84,2,78,83,81,1,74,76,76,2,83,79,85,1,81,78,83,1,81,78,84,1,79,81,79,2,80,78,84,2,73,77,75,1,69,75,70,2,75,82,81,2,82,79,84,1,71,63,72,2,74,81,76
2,70,100,77,2,41,80,60,1,30,36,76,2,85,60,60,2,60,100,72,1,86,33,68,2,30,100,40,2,30,100,37,2,34,73,37,1,58,22,65,2,70,100,64,1,100,0,80,1,73,0,60,2,91,100,84,2,38,100,39,2,42,100,42,2,56,66,46,2,65,82,56,1,31,19,32,1,29,15,35,2,40,74,42,2,36,84,31,1,68,18,57,2,38,81,39,1,100,0,100,2,50,86,59,2,37,82,36,2,32,80,33,2,30,100,35,2,20,100,23,1,70,19,69,1,66,0,62,2,40,100,41,2,28,83,33,2,66,100,61,2,75,100,75,1,30,0,42,2,29,83,36,2,61,89,59,2,41,100,40,1,72,0,66,2,42,75,42,1,78,100,81,2,63,81,70,1,76,0,63,1,72,83,63,2,28,100,31,2,35,100,35,2,66,100,58,2,30,100,30,1,11,13,54,2,100,100,73,2,35,100,45,2,34,100,50,1,27,16,39,1,25,13,41,2,83,71,46,2,19,100,25,1,28,14,41,2,29,100,30,1,27,14,23,1,22,15,20,2,20,100,23,2,100,100,89,2,31,75,37,1,31,19,32,2,26,72,28,2,100,100,82,2,34,84,27,1,72,0,71,2,21,100,29,2,28,81,33,1,32,50,36,1,78,0,75,2,92,100,90,2,26,94,31,2,60,100,42,2,34,84,31,1,0,0,78,2,29,80,41,2,28,100,38,2,34,83,60,2,100,100,83,2,30,70,60,2,36,73,60,1,30,25,29,2,28,100,43,1,50,32,67,2,38,64,38,2,80,100,72,2,37,84,55,2,64,83,59,1,32,28,48,2,36,100,41,2,66,100,65,1,21,0,64,2,65,77,70,2,66,100,68,1,0,0,71,2,29,100,37
2,72,83,83,2,89,80,77,2,94,99,91,2,95,100,97,2,100,100,100,2,82,94,85,2,71,72,72,2,71,72,76,2,73,77,80,1,49,49,52,2,83,85,87,2,82,85,84,1,8,8,6,2,97,95,93,2,69,70,70,1,11,10,10,1,51,51,50,2,64,67,69,2,93,93,93,1,49,53,52,1,93,93,93,1,51,50,50,1,51,50,50,1,85,86,85,1,100,100,100,1,71,100,77,2,92,100,83,1,55,53,53,2,74,100,82,1,31,32,30,2,79,80,84,2,71,71,73,2,90,100,90,1,85,80,87,2,80,83,83,2,100,100,100,1,78,100,98,1,85,100,81,1,20,20,20,1,27,29,27,1,44,8,30,1,40,9,31,1,50,31,53,1,23,0,30,1,30,13,32,1,11,0,14,1,23,0,20,1,24,5,20,2,52,53,54,2,80,100,74,1,43,44,45,2,93,100,95,2,74,100,89,2,82,100,73,1,50,50,49,2,72,100,73,1,21,1,14,2,82,100,91,2,49,51,52,1,51,52,51,2,84,100,80,1,22,0,19,1,50,49,51,1,65,71,63,1,76,79,70,1,27,51,32,2,71,87,79,2,85,100,79,1,22,0,19,1,17,0,14,1,7,0,9,1,29,0,11,2,81,100,75,1,40,0,42,2,90,100,92,2,65,91,70,2,73,100,83,2,71,100,71,1,10,0,11,1,19,0,12,2,62,90,63,2,71,82,81,2,92,94,95,2,52,70,54,2,62,82,60,2,63,92,71,2,74,100,70,1,31,0,30,2,61,50,61,2,59,100,66,2,72,100,72,1,19,0,25,1,31,0,32,2,87,100,82,2,79,100,78,1,32,0,20,2,61,82,70,2,74,100,75,1,20,3,15,1,49,11,41
2,93,94,97,2,91,92,97,2,93,98,97,2,97,93,93,2,95,95,95,2,93,96,99,2,96,95,99,1,97,94,100,2,98,92,99,2,98,91,99,2,98,92,98,2,97,93,100,1,96,94,99,2,98,93,100,2,96,90,99,2,98,93,96,1,97,90,98,2,96,94,100,2,99,88,100,1,99,92,100,2,99,91,99,2,98,94,98,2,98,89,100,2,98,97,98,2,97,93,99,1,96,95,98,2,97,93,99,2,97,93,99,2,98,90,99,1,97,95,98,2,93,95,98,1,92,95,98,1,95,95,96,2,96,95,96,2,96,98,99,2,96,94,96,1,93,95,97,2,95,92,99,2,96,94,93,2,97,93,95,2,95,92,97,2,95,91,95,1,94,93,99,2,95,94,97,2,96,95,97,1,95,94,95,2,95,92,95,2,93,92,97,2,96,96,94,2,90,92,94,2,89,87,97,1,95,94,94,2,93,96,95,2,97,93,95,1,95,94,97,2,97,97,97,2,97,97,99,2,98,98,98,2,97,95,100,2,95,95,97,2,95,95,95,2,92,95,93,2,96,96,96,2,94,96,93,2,93,92,96,2,93,95,99,2,93,95,94,2,92,95,95,2,96,92,97,2,97,97,97,2,93,96,98,2,94,95,97,2,95,95,99,2,95,92,97,2,96,97,97,1,97,96,96,2,91,94,97,1,96,93,95,2,96,94,97,2,93,97,97,2,93,97,96,2,93,96,97,1,92,94,98,2,94,94,97,2,94,97,95,2,93,93,94,2,95,90,98,2,93,95,96,2,95,91,98,2,96,97,96,2,95,95,96,2,96,94,94,1,95,96,96,2,95,96,95,2,96,94,96,2,97,97,94,2,97,99,97,2,95,95,96,2,92,93,96,2,97,96,96
2,80,86,78,2,81,83,78,2,89,85,83,1,65,67,61,2,71,70,74,2,77,74,79,2,72,68,73,1,58,10,56,2,61,55,64,1,58,23,40,2,64,73,70,2,66,57,67,1,61,24,53,2,78,74,81,2,70,64,69,1,44,40,44,2,51,54,51,2,63,61,63,2,62,55,62,2,58,51,57,1,15,14,14,2,60,60,61,1,36,44,43,1,46,48,45,1,4,4,7,1,42,37,38,1,45,46,47,2,59,58,56,2,57,56,58,1,45,46,47,2,57,56,58,1,48,48,48,2,68,64,71,1,45,44,44,2,63,63,60,2,90,89,88,1,43,44,45,1,86,18,76,1,66,34,70,2,87,85,84,2,78,78,79,2,72,71,74,1,47,46,47,2,57,54,59,2,73,72,75,1,63,10,64,2,74,71,70,2,72,66,72,2,72,70,75,1,44,51,43,2,60,59,60,2,87,88,89,2,87,85,86,2,65,65,70,2,68,69,70,1,42,48,46,1,40,46,44,2,59,62,60,2,64,64,65,2,59,58,61,2,67,68,68,1,45,45,45,1,42,44,42,2,67,68,66,1,45,43,45,1,41,43,41,1,39,41,42,2,88,88,88,2,71,72,72,1,78,30,73,2,61,62,62,1,43,45,45,1,41,42,42,2,69,70,72,2,91,91,92,2,66,64,65,2,61,61,61,2,61,58,60,1,54,45,57,1,28,19,27,2,65,64,66,1,32,34,36,2,89,89,90,2,82,82,81,2,60,61,61,1,60,58,56,2,62,63,61,2,73,70,75,1,35,34,36,2,57,56,58,2,80,81,79,1,75,75,75,1,42,42,43,2,66,62,69,2,93,92,93,2,81,80,81,2,79,78,78,2,73,73,74,2,68,68,68,1,42,44,45
2,60,60,50,2,100,100,75,2,100,100,90,2,50,50,50,1,0,0,100,2,100,100,100,1,50,50,50,2,50,50,50,1,75,25,25,1,0,0,0,2,90,80,80,2,100,100,100,1,0,0,0,2,100,100,100,1,50,50,50,2,50,50,50,1,50,50,50,1,50,50,50,1,25,25,25,1,50,50,50,1,0,0,0,2,75,75,75,2,75,75,75,1,50,50,50,1,0,0,0,1,50,50,50,2,50,50,50,1,50,50,50,1,50,50,50,1,50,50,50,1,50,50,50,1,50,50,50,2,60,60,60,1,25,25,25,2,100,100,100,2,100,100,100,2,0,0,0,1,50,25,50,1,0,0,0,2,50,50,50,2,50,50,50,2,100,100,100,1,0,0,0,2,100,100,100,2,100,100,100,1,0,0,0,1,50,50,50,2,50,50,50,1,50,50,50,1,50,50,50,1,50,50,50,2,100,100,100,2,100,100,100,2,50,50,50,1,0,0,0,1,50,50,50,1,0,0,0,1,50,50,50,2,50,50,50,2,50,50,50,2,50,50,50,1,50,50,50,2,50,50,50,2,50,50,50,1,50,50,50,1,50,50,50,1,50,50,50,2,75,75,75,1,25,25,25,1,0,0,0,1,0,0,0,1,50,50,50,1,50,50,50,1,50,50,50,2,100,100,100,1,50,50,50,1,50,50,50,2,50,50,50,1,25,25,25,1,0,0,0,2,50,50,50,1,50,50,50,1,25,25,25,2,50,50,50,2,75,75,75,2,50,75,50,2,50,50,50,1,50,50,50,2,75,75,75,1,0,0,0,1,50,50,50,1,0,0,0,1,0,0,0,2,75,75,75,2,75,75,75,1,0,0,0,2,50,50,50,2,75,75,75,1,0,0,0,1,50,50,50
2,100,100,100,1,64,41,62,2,64,42,72,2,100,100,100,1,80,23,32,2,67,79,83,2,81,63,36,2,68,36,81,2,59,80,59,2,64,89,68,2,100,79,92,2,30,67,78,1,59,80,63,2,100,100,79,2,73,88,69,2,59,29,15,2,43,23,31,2,57,71,57,2,38,24,71,2,77,91,80,1,69,85,69,2,81,62,84,2,85,36,61,2,60,73,86,1,100,100,100,2,100,100,100,1,37,75,59,2,67,89,73,2,36,68,58,2,82,64,80,2,74,58,59,1,73,61,35,2,35,67,41,1,98,86,92,1,73,79,68,2,100,100,100,2,100,100,100,1,62,76,43,2,59,75,59,2,81,74,86,1,54,35,23,1,100,100,91,2,65,55,68,2,100,100,100,2,65,77,78,1,100,100,100,1,68,83,69,2,83,66,81,2,79,91,80,2,85,65,81,1,67,83,66,2,100,100,96,2,90,95,87,2,90,99,93,1,100,100,100,2,58,67,74,2,69,86,91,2,100,100,100,2,59,81,65,2,84,67,77,2,64,82,68,1,93,95,87,2,70,90,74,2,82,67,80,2,73,89,72,2,69,84,71,1,69,57,31,1,100,71,85,2,100,100,100,2,97,93,95,2,74,90,76,2,66,35,43,1,75,62,81,2,70,78,58,2,63,74,65,1,39,24,43,2,57,75,81,2,86,66,78,1,42,24,36,1,84,72,88,2,87,72,86,2,100,100,100,2,99,100,100,1,73,58,63,1,33,14,7,2,45,35,63,1,43,31,41,2,64,60,76,1,34,42,61,2,100,100,100,1,88,91,85,1,97,95,97,1,94,86,91,2,100,100,100,2,90,100,95,1,100,100,100,1,71,36,44,1,78,61,77,2,100,100,100,2,61,79,65
2,62,59,72,2,81,81,80,2,92,96,94,2,73,82,67,1,20,0,32,2,58,56,37,2,64,69,65,1,66,46,34,1,29,18,27,1,34,23,30,2,65,79,68,1,65,44,70,1,69,44,43,2,60,82,73,2,46,74,34,2,44,68,38,1,64,28,62,2,64,85,67,2,64,83,83,2,43,64,55,1,34,0,17,2,75,57,65,1,66,39,64,1,45,13,38,1,15,2,22,2,38,65,66,1,67,45,62,1,58,38,56,2,55,82,59,2,42,58,45,2,43,55,39,1,58,43,57,2,65,74,67,1,43,0,31,2,43,63,61,2,78,100,78,1,59,38,69,1,41,0,34,1,43,0,41,1,58,44,62,1,60,41,57,2,45,86,43,1,56,45,56,2,76,60,76,2,73,60,75,1,34,0,35,2,59,65,58,2,68,57,66,2,73,86,75,2,57,75,67,1,57,43,59,2,89,97,92,2,73,96,81,2,60,55,64,1,37,44,42,2,43,87,42,1,59,43,56,2,36,61,43,1,44,41,43,2,42,59,57,2,59,69,62,1,59,41,60,1,58,37,59,1,59,26,59,1,64,40,56,1,56,44,60,1,62,43,59,2,56,94,64,1,41,0,39,1,60,38,61,1,61,24,64,2,56,72,62,1,39,25,42,2,41,59,46,2,80,100,84,2,43,65,44,1,62,45,56,1,62,40,58,1,36,0,36,1,38,0,31,2,43,63,44,2,44,60,60,2,71,57,73,1,61,43,60,1,65,41,69,2,55,58,63,2,43,65,62,1,45,34,44,2,67,52,65,1,72,27,71,1,60,41,64,1,57,33,58,1,41,19,39,1,63,37,64,2,59,75,64,1,33,0,32,2,68,86,74,2,63,64,72,1,38,34,40,1,58,44,60
1,21,37,32,2,68,74,77,2,86,88,90,2,77,78,81,2,76,80,86,2,100,100,100,2,74,80,80,2,77,86,84,1,27,35,29,2,100,100,100,2,100,100,100,2,76,87,73,1,31,36,38,2,71,86,81,2,79,84,94,2,80,86,100,2,76,80,81,1,25,28,36,2,67,86,88,1,29,31,33,1,0,0,0,2,74,82,87,2,81,76,80,1,24,22,27,1,0,0,0,2,95,100,82,1,31,33,37,2,80,81,88,2,75,77,84,1,28,25,25,2,76,84,92,1,35,33,33,2,84,82,81,2,92,82,81,2,94,100,100,1,30,36,28,1,35,8,13,2,77,81,84,2,73,77,80,2,74,78,85,2,73,70,72,2,69,78,71,1,33,25,22,2,82,80,80,2,79,79,78,2,67,71,77,2,79,83,88,2,75,80,81,1,26,34,46,2,69,73,84,1,24,36,19,2,100,100,100,1,34,32,37,1,38,36,32,2,70,70,67,1,31,30,32,2,67,69,71,1,34,38,37,1,24,30,26,1,28,34,26,2,76,83,83,2,80,85,85,2,72,77,80,2,71,70,74,1,25,29,26,1,27,36,26,2,65,71,80,2,77,75,83,2,74,70,70,2,72,72,79,1,30,33,28,2,68,70,76,2,78,80,79,2,74,78,77,2,78,92,82,1,17,32,26,1,7,27,28,1,30,36,35,1,27,27,25,1,22,28,25,2,72,71,78,2,70,74,70,2,100,100,100,1,36,40,36,2,63,68,71,2,65,73,80,1,28,32,37,2,67,70,73,1,30,29,42,2,73,73,73,1,31,32,30,1,32,37,38,2,68,71,67,1,30,25,16,1,38,41,31,1,42,38,32,2,66,74,73,1,30,35,34,2,68,70,71,1,26,35,38
2,76,74,80,2,30,74,74,2,87,69,89,1,74,25,41,2,97,85,81,2,86,78,94,2,81,78,88,1,83,37,82,2,74,77,91,2,76,64,85,2,81,69,79,2,75,67,90,2,82,68,85,2,87,100,85,2,89,68,83,1,79,64,84,2,86,72,92,2,89,66,92,1,84,67,92,2,89,68,92,1,89,77,71,2,74,62,82,2,70,61,81,2,97,75,85,1,69,65,68,2,80,71,86,2,78,67,89,2,75,63,78,2,75,66,89,1,71,36,66,1,80,70,69,2,35,70,63,2,64,82,76,1,84,97,87,1,82,66,87,2,92,72,86,1,80,72,92,2,84,70,94,2,91,72,86,2,73,91,66,2,63,83,87,1,79,66,88,2,90,73,84,2,91,79,68,2,67,87,79,2,66,85,73,2,85,72,85,2,71,92,78,1,73,62,83,2,78,67,90,2,78,65,85,2,75,89,71,2,77,68,89,2,77,63,84,2,70,90,76,2,65,81,63,2,61,84,71,2,63,82,69,2,64,85,70,2,80,66,83,2,77,69,85,2,69,85,67,2,68,85,70,2,76,66,84,2,66,86,71,2,67,88,75,2,63,87,73,2,65,86,73,2,76,69,83,2,66,85,69,2,68,86,68,2,67,83,69,2,67,83,72,1,68,35,77,2,77,92,74,2,66,89,69,2,65,94,73,2,65,34,82,2,40,74,66,1,75,58,81,2,70,64,88,2,65,81,69,2,81,72,86,2,63,81,72,2,75,64,39,2,67,33,76,2,74,65,66,2,70,87,37,2,85,68,63,1,73,64,86,2,66,82,66,2,67,32,77,2,65,81,64,2,71,61,39,2,75,63,90,2,74,63,40,2,73,91,67,2,62,75,32,1,81,66,40,2,75,37,73
2,59,55,58,2,65,66,61,2,66,60,64,2,61,67,66,2,71,83,71,1,31,19,69,2,66,51,62,2,59,51,51,2,59,51,51,1,33,39,53,2,98,97,98,2,57,59,65,1,18,21,66,2,95,94,93,2,70,70,78,1,62,59,57,2,85,85,91,1,64,50,50,2,70,70,65,2,58,51,51,1,20,22,75,2,90,94,89,1,11,13,87,2,51,51,51,1,0,0,62,2,69,69,68,2,56,58,59,2,51,51,51,2,100,98,98,1,55,51,56,2,69,67,67,2,69,65,69,2,57,51,61,1,41,29,39,2,68,73,37,2,92,93,73,1,8,11,55,2,66,64,68,2,69,68,68,2,81,78,33,2,70,73,70,2,76,76,72,2,70,69,71,1,34,51,51,2,76,80,78,1,51,51,50,2,61,71,83,2,75,75,81,2,78,84,63,2,94,92,40,1,36,42,39,2,82,59,58,2,98,98,95,2,82,89,70,1,23,19,64,2,100,100,100,1,27,14,71,2,87,93,88,2,78,78,82,2,84,86,88,1,60,49,63,1,7,11,70,2,77,78,81,1,68,18,75,2,62,64,64,1,62,63,66,2,74,75,76,2,70,73,75,2,71,72,72,2,71,75,74,1,7,15,21,2,76,76,75,2,77,70,70,2,74,75,74,2,76,75,75,2,65,66,66,2,78,86,85,2,76,77,80,1,6,20,70,1,61,28,51,2,77,69,67,2,69,72,72,2,82,82,82,1,35,31,62,2,77,80,80,2,64,60,71,2,64,62,65,1,61,25,60,2,72,75,78,2,84,84,85,2,75,75,77,1,14,12,52,1,12,4,49,2,95,93,92,2,76,80,78,1,8,10,65,2,77,80,82,2,74,73,72,2,69,68,77,2,63,66,64
2,82,96,63,2,51,62,51,2,71,68,51,2,53,100,52,2,98,96,95,1,52,10,54,2,51,51,51,1,51,51,51,1,51,51,51,1,51,51,51,2,95,95,84,1,51,51,51,1,51,51,51,2,73,69,71,1,51,51,51,2,51,51,51,1,51,51,51,2,51,51,51,2,49,51,51,1,51,51,51,1,13,19,85,2,58,58,65,2,59,66,56,1,22,25,37,1,18,20,80,1,32,43,64,2,51,51,51,2,52,51,51,2,51,51,51,2,51,52,51,2,51,51,51,2,51,51,51,1,51,51,51,1,51,51,51,2,51,51,51,2,66,67,72,2,74,71,71,1,17,20,72,1,51,51,51,2,51,51,51,1,51,51,51,2,51,51,51,1,51,51,51,2,51,51,51,2,51,51,51,1,51,51,51,1,26,28,67,2,51,51,51,2,51,51,51,2,51,49,51,1,51,51,51,2,86,80,86,1,51,51,51,2,51,51,51,1,51,51,51,2,96,85,80,1,51,51,51,2,51,51,51,2,51,51,51,2,51,51,51,2,51,51,51,1,51,51,51,2,51,49,49,1,51,51,51,1,51,51,51,1,51,51,51,2,51,51,51,2,51,68,61,2,51,51,51,1,51,51,51,2,51,51,51,1,51,51,51,1,51,51,51,1,51,51,51,2,71,71,70,1,51,51,51,2,51,51,51,1,51,51,51,1,51,51,51,1,30,41,41,2,51,51,51,2,51,51,51,2,51,51,51,1,51,51,51,1,51,51,51,2,51,51,51,1,51,51,51,2,51,51,51,2,51,51,51,2,51,51,51,1,51,51,51,1,51,51,51,1,51,49,51,2,72,75,71,2,65,69,68,1,18,23,59,2,51,60,59,2,63,57,66,1,51,51,51,1,51,51,51
2,87,87,86,2,83,74,82,2,79,81,88,2,91,88,100,2,74,85,70,2,88,92,85,2,84,91,88,2,75,83,76,1,28,31,24,1,21,0,16,2,85,93,85,2,90,100,91,1,12,2,8,2,90,92,96,2,79,85,83,2,87,88,78,2,71,82,98,2,82,92,85,2,81,95,85,2,76,100,93,1,19,24,6,2,92,98,88,2,100,100,100,1,14,9,0,1,0,0,0,2,100,100,100,1,11,22,21,1,8,16,22,2,100,100,96,1,4,2,0,2,94,100,100,2,83,100,88,2,90,99,97,2,79,100,93,2,100,100,100,2,100,95,100,2,100,95,100,2,100,95,100,2,83,86,95,2,100,100,100,2,96,95,98,1,98,100,100,2,93,89,90,2,100,100,100,2,97,95,95,1,1,0,2,2,100,100,91,2,83,86,90,2,100,91,93,2,96,99,97,2,75,86,88,2,100,100,100,2,91,96,100,2,96,100,100,2,90,93,92,2,100,100,100,1,100,100,100,2,97,81,82,2,71,60,88,1,92,89,90,2,100,90,96,2,90,100,95,2,85,95,96,2,100,100,100,1,84,83,79,2,100,81,94,1,15,0,16,2,100,100,100,2,100,100,100,1,9,12,12,1,17,10,12,2,96,91,91,2,100,100,94,2,92,100,100,2,94,89,89,2,100,88,99,2,89,94,97,1,87,93,93,1,91,87,98,2,99,100,100,1,9,18,7,1,0,11,24,2,100,94,96,2,87,96,98,2,85,100,93,2,99,98,74,2,81,92,89,1,16,16,16,2,100,100,94,2,84,80,83,2,89,79,79,1,13,15,9,2,81,77,82,2,79,89,91,1,83,86,95,1,5,5,13,2,80,81,100,2,89,99,96,2,85,100,98,2,82,85,84
1,60,41,52,2,77,86,61,2,85,81,81,2,67,78,73,2,77,66,79,2,100,100,100,1,28,42,35,2,61,73,68,1,51,51,51,1,35,37,51,2,71,89,84,2,51,51,51,2,67,51,59,2,72,75,71,2,76,87,75,2,51,51,51,2,74,83,74,2,62,70,65,2,67,79,75,1,51,51,51,1,29,28,39,2,51,51,51,2,51,51,51,1,20,31,17,1,2,2,3,2,51,51,51,2,65,72,66,2,62,68,71,2,51,51,51,2,51,54,51,2,61,51,52,2,58,51,69,2,75,72,79,1,21,12,23,2,70,65,82,2,62,62,70,1,10,11,17,1,9,30,17,2,82,78,71,2,51,51,50,1,51,51,51,2,83,75,86,2,70,61,62,2,88,73,82,2,82,81,92,1,37,35,45,2,51,51,51,2,51,58,57,2,51,51,51,2,51,51,51,2,51,51,51,2,0,0,0,1,19,16,9,2,48,51,51,2,51,51,51,2,59,58,65,2,34,27,37,2,51,60,65,1,51,51,51,2,57,53,54,2,77,60,65,1,14,9,16,1,51,51,49,2,65,69,61,1,51,51,51,2,76,79,73,2,42,35,43,2,51,51,55,1,51,51,51,1,45,43,51,1,13,6,19,2,51,51,51,2,66,60,69,2,58,56,67,2,56,68,57,2,67,85,73,2,68,77,68,2,62,65,71,1,0,0,0,1,0,0,0,2,66,62,58,1,43,38,45,2,86,80,86,2,54,51,51,2,57,51,66,2,68,56,72,2,53,62,58,2,65,79,74,2,51,51,51,2,87,75,81,2,65,79,73,2,66,65,77,1,38,29,38,2,72,65,74,2,82,69,75,1,18,15,25,2,70,87,72,2,72,61,79,2,60,56,72,2,72,81,73
2,87,85,69,2,82,83,64,2,79,80,69,2,82,91,94,1,53,57,61,2,83,84,87,1,66,68,65,2,72,74,76,1,57,23,69,1,43,43,60,2,67,74,72,2,68,70,76,1,59,37,66,2,72,68,69,2,70,69,74,2,71,70,72,1,56,25,61,2,65,81,66,2,75,70,66,1,32,39,63,1,33,24,66,2,63,74,75,1,38,41,60,1,36,41,63,1,20,9,85,2,67,74,76,2,69,65,67,2,62,67,62,1,41,41,45,1,35,37,70,2,69,70,69,2,65,64,67,1,34,41,57,2,69,72,73,2,67,70,72,2,65,65,73,1,41,35,67,2,69,75,81,1,35,37,62,2,75,77,84,2,67,70,69,2,67,70,73,2,70,68,68,2,72,74,76,2,69,66,65,1,34,37,62,2,75,79,75,2,73,77,80,2,75,79,83,2,71,75,74,2,69,70,67,2,78,88,94,2,83,77,81,2,71,72,75,2,74,69,66,2,75,77,78,1,29,40,57,2,82,83,82,1,34,32,67,2,76,70,75,2,70,74,76,1,33,24,80,2,70,72,77,2,69,68,66,2,71,68,71,1,32,32,33,2,70,72,73,2,68,69,69,2,70,70,72,2,67,67,76,2,70,70,69,2,68,66,70,1,25,22,69,1,23,27,69,2,69,70,72,2,69,69,70,2,71,79,78,2,71,75,71,1,15,15,94,1,25,28,67,2,66,67,72,1,25,27,71,2,80,78,77,2,65,67,71,2,75,72,73,2,74,73,91,2,70,69,69,1,31,28,82,2,76,77,79,2,77,81,85,2,71,79,83,1,37,35,69,2,65,68,78,2,76,76,83,1,24,25,52,1,27,31,69,2,73,82,82,2,73,76,80,2,69,71,70,2,66,52,57
2,84,94,82,2,88,87,92,2,93,83,79,2,91,90,85,2,85,93,77,2,100,92,87,2,99,88,99,2,83,93,83,1,92,75,95,2,94,91,87,2,91,100,85,2,91,87,92,1,95,78,71,2,90,77,95,2,100,83,89,2,96,83,96,2,92,79,94,2,97,83,94,2,98,90,100,2,93,100,91,1,93,86,93,2,95,85,100,1,91,97,85,2,94,99,93,1,91,97,92,2,100,89,96,1,96,80,97,2,92,100,89,2,95,88,97,2,92,99,88,2,92,89,100,1,92,85,99,1,96,89,97,2,94,85,98,2,95,95,100,2,93,99,86,1,73,88,64,2,94,99,88,2,91,96,94,2,96,83,95,2,98,92,97,1,95,87,96,2,90,94,88,2,96,86,95,1,83,73,89,2,92,82,98,2,90,80,95,2,95,82,93,2,98,88,97,2,78,56,80,2,81,70,90,2,91,88,96,2,94,86,96,2,95,86,96,1,90,95,86,2,96,87,95,1,88,80,93,1,95,87,97,2,91,74,89,2,90,95,81,1,91,97,92,2,87,78,94,2,95,82,94,2,93,97,89,2,91,97,87,1,81,71,86,2,91,84,92,2,92,83,94,2,100,86,94,2,97,87,95,2,95,84,96,2,92,67,81,2,91,77,91,2,72,82,93,2,95,82,94,2,96,82,94,2,92,87,98,2,93,84,96,1,85,76,93,2,95,88,96,2,93,66,59,2,93,71,90,2,97,83,93,2,86,79,92,2,87,73,94,2,84,92,85,2,99,81,94,1,89,82,92,2,94,86,98,2,95,84,95,2,94,82,93,1,83,91,82,1,90,96,88,2,91,99,88,2,77,89,95,1,90,95,87,2,96,71,81,2,84,75,92,1,93,89,92,2,100,89,93
2,100,92,92,1,91,80,75,2,93,94,91,2,94,89,93,2,94,88,93,1,93,88,92,2,88,88,92,1,88,83,91,1,89,89,89,1,88,85,90,2,91,88,94,2,88,89,85,1,92,90,87,2,94,92,90,2,87,93,89,2,93,91,91,2,94,94,90,1,90,89,80,2,81,79,85,2,70,68,77,1,93,95,90,2,91,87,91,1,90,90,87,2,88,88,82,1,88,85,92,2,91,89,92,2,86,81,75,2,92,88,87,2,90,86,89,2,91,88,87,2,90,85,83,2,89,81,76,1,89,86,83,2,89,86,82,2,84,77,80,2,90,100,100,1,91,85,82,1,85,81,88,2,88,85,91,2,88,85,93,2,94,87,71,1,82,71,66,2,89,82,78,2,100,88,85,2,92,85,87,1,89,87,86,1,85,83,90,2,85,82,86,1,90,81,87,2,94,95,91,2,95,91,94,1,91,89,96,2,93,94,88,2,90,89,91,2,88,93,88,2,95,90,93,2,90,91,89,2,92,88,93,2,93,89,94,1,91,86,93,2,88,91,90,2,96,88,90,2,85,91,90,2,91,84,90,2,88,86,91,2,91,87,90,2,88,86,88,2,92,89,92,2,89,86,92,1,86,76,66,2,88,83,86,1,87,85,80,2,91,86,90,2,90,88,85,2,75,87,69,2,90,89,86,2,84,87,84,2,91,89,85,1,86,79,90,1,86,88,82,2,88,85,78,2,86,80,86,2,87,84,90,2,83,82,85,2,88,87,84,2,90,85,93,2,90,85,72,1,88,93,90,2,95,90,86,1,85,93,90,2,91,83,89,2,88,73,70,1,83,86,85,2,93,84,93,2,91,76,85,2,88,83,86,2,91,86,86,1,87,82,92,1,91,89,82,2,93,86,83
2,64,66,56,1,65,76,75,1,54,48,46,2,72,83,66,2,74,63,64,2,71,66,73,2,74,68,77,2,74,66,85,1,55,72,63,1,57,67,64,2,52,62,70,2,60,63,43,1,66,73,57,2,50,41,39,2,46,44,57,2,47,54,57,2,61,53,57,2,54,59,46,2,44,44,55,2,44,51,47,1,66,57,61,2,46,56,56,1,66,55,64,2,47,56,54,1,76,74,78,2,48,60,58,2,52,49,46,2,48,44,52,2,55,52,53,1,59,55,56,2,42,55,52,2,47,59,57,2,54,59,57,2,48,54,57,2,49,54,58,2,45,56,57,1,72,71,85,1,71,80,86,2,47,56,55,2,48,55,62,2,46,57,54,1,70,78,74,1,58,56,61,1,83,77,89,2,42,55,57,1,42,57,58,2,73,73,66,2,82,80,88,2,72,76,82,2,78,77,83,2,74,82,86,2,76,86,91,2,85,77,79,2,82,83,88,2,75,85,83,2,81,88,87,1,33,43,77,2,84,82,86,2,93,83,95,1,33,37,68,2,82,78,84,1,40,44,65,2,84,75,73,2,80,81,89,2,84,84,88,2,72,82,77,1,37,82,76,2,79,84,81,2,79,82,87,1,74,82,82,1,64,70,67,1,60,68,71,1,66,72,72,1,63,73,65,2,80,83,83,2,81,89,87,2,82,88,88,1,56,61,65,1,55,62,61,1,43,56,57,2,75,80,88,1,46,56,56,2,81,74,80,1,46,63,70,2,85,78,81,1,45,62,61,2,81,83,89,1,43,53,58,1,45,55,58,2,81,84,69,2,83,86,89,1,44,39,52,1,44,57,60,2,85,89,93,2,83,88,89,1,42,53,54,2,78,86,91,2,81,90,94,2,86,70,83,1,42,55,57
2,97,100,90,2,77,75,70,2,92,85,89,2,81,100,77,2,88,94,68,2,98,88,89,2,84,88,75,2,78,100,80,2,77,100,81,2,71,72,65,2,89,97,85,2,83,89,82,1,100,96,75,2,100,100,100,2,85,76,80,2,86,79,91,2,90,79,90,2,69,80,76,2,98,100,95,2,85,75,81,1,16,0,18,2,85,98,80,1,5,6,6,2,83,92,66,1,1,0,8,2,70,80,81,2,86,76,74,2,85,92,72,2,85,93,79,2,66,56,57,2,75,96,87,2,77,89,70,2,89,98,94,2,96,97,98,2,84,86,95,2,100,100,96,1,19,16,24,1,12,13,11,2,89,98,94,2,89,97,94,2,99,100,84,2,87,100,91,2,62,76,69,2,75,93,82,2,83,98,85,2,71,97,91,2,78,88,72,2,82,98,91,1,27,19,14,2,77,94,85,2,79,93,88,2,93,99,91,2,85,97,92,2,79,92,92,2,63,85,75,2,84,83,86,1,16,16,11,2,80,99,87,2,72,89,93,2,80,100,85,2,93,99,93,1,9,3,4,2,79,93,87,1,22,9,6,2,78,96,85,1,18,5,6,2,79,93,80,1,15,8,9,1,0,0,0,1,3,0,0,1,0,0,0,2,66,68,56,2,69,90,98,1,27,7,18,2,88,100,90,2,78,89,87,2,93,100,97,2,79,84,82,1,4,1,0,1,0,0,0,2,73,91,93,2,75,92,80,2,80,91,81,2,87,97,97,2,65,81,69,2,87,94,90,2,80,94,82,1,12,7,11,1,12,5,8,2,84,97,90,2,65,85,66,1,28,16,17,2,69,77,69,2,83,94,86,2,80,91,89,1,8,5,5,2,86,94,87,2,89,93,89,2,86,87,89,2,80,88,82
2,79,100,74,2,70,86,62,2,79,100,76,2,84,82,68,1,63,0,68,2,88,100,84,1,68,0,64,1,69,28,52,1,52,42,63,1,43,12,39,2,70,100,71,1,52,56,62,1,39,0,41,2,74,100,82,2,82,100,73,2,66,100,66,1,52,20,52,1,44,17,33,2,81,100,75,1,52,52,52,1,25,0,28,1,52,27,68,1,29,0,29,1,35,0,31,1,7,0,7,2,63,52,63,2,52,52,52,1,65,52,60,2,64,89,80,1,52,39,59,2,43,88,44,1,47,20,52,2,69,100,68,1,46,0,52,2,55,80,54,2,82,100,74,1,19,0,27,2,84,100,74,2,28,81,41,2,78,52,68,1,64,29,53,1,74,26,53,2,52,65,40,2,72,71,73,2,84,91,77,2,52,77,60,2,71,94,77,2,63,88,68,2,86,100,81,2,69,84,68,1,33,52,53,2,80,100,85,2,67,80,70,1,75,28,56,1,35,0,25,1,52,52,52,1,30,18,24,2,38,83,58,2,52,73,59,2,60,65,52,2,64,68,52,1,40,0,37,1,52,52,52,2,67,54,74,1,76,0,70,1,66,35,52,1,28,0,31,2,81,100,85,1,38,0,21,2,62,85,52,1,16,0,20,2,52,82,52,1,35,0,37,1,52,23,31,2,78,100,82,2,66,52,58,2,68,63,50,1,37,0,35,1,11,0,10,1,24,0,27,1,52,70,53,2,54,52,52,2,63,62,74,1,52,34,52,1,52,43,52,2,82,57,75,2,66,80,73,1,62,0,57,1,35,52,52,2,73,53,72,2,74,91,77,1,52,41,52,1,28,0,19,2,76,100,77,2,88,100,84,1,15,0,19,2,76,100,76,2,83,100,86,1,23,0,23,2,52,52,52
2,71,83,77,1,29,31,23,2,76,90,35,2,84,73,91,1,82,89,73,1,32,22,31,2,75,80,37,1,28,34,69,2,79,64,76,1,39,35,61,2,77,70,80,2,78,67,83,1,35,39,71,2,77,83,71,2,39,68,36,2,73,80,71,2,82,70,83,2,83,70,40,2,69,87,72,1,37,67,76,1,78,71,85,2,78,94,75,2,74,85,70,2,78,85,41,2,77,89,71,2,77,89,69,2,76,86,39,2,69,25,64,1,74,86,69,2,77,91,66,1,87,72,88,2,71,88,77,2,87,73,39,1,75,75,85,2,72,27,83,1,37,76,71,2,80,88,68,2,39,70,85,2,80,66,34,2,84,70,82,1,34,77,67,1,77,88,71,2,78,91,67,2,81,69,88,1,81,31,37,2,89,76,37,2,84,39,76,2,80,73,88,2,83,65,83,1,32,71,38,1,82,75,41,1,82,65,76,2,85,72,40,2,37,77,72,2,83,71,88,1,32,65,75,2,86,73,89,1,69,82,34,2,36,66,22,2,83,72,35,2,76,90,76,2,83,70,84,2,31,66,18,2,89,76,27,2,82,91,39,1,85,69,36,2,87,40,68,2,86,70,87,2,80,88,69,2,85,74,90,2,88,78,88,2,84,75,34,1,77,36,22,2,80,71,89,2,90,87,80,1,30,66,77,2,88,80,71,2,79,39,63,2,72,88,66,1,36,36,67,1,76,87,65,1,29,66,37,2,90,76,67,2,86,36,74,2,88,78,69,1,71,33,61,2,94,80,33,1,75,35,71,2,89,76,91,2,94,74,88,2,87,79,29,1,80,27,76,2,90,73,32,2,88,75,26,2,89,71,88,1,76,34,68,1,76,32,76,2,90,72,37,2,92,72,87,2,84,37,70
2,72,73,76,2,92,100,94,2,100,100,100,2,59,72,79,2,100,100,100,2,100,100,100,2,90,80,90,2,46,50,67,1,50,50,12,1,20,0,100,2,100,100,100,2,92,50,77,2,18,50,41,2,96,100,100,1,41,50,50,1,24,8,51,2,40,50,83,2,79,50,85,1,50,50,70,2,100,100,100,1,0,0,0,2,95,50,89,1,50,29,40,2,90,85,91,1,100,100,100,1,16,16,88,1,50,50,57,2,81,70,93,2,92,100,80,2,100,100,100,2,100,100,100,2,80,50,83,2,100,100,100,2,99,100,99,2,83,100,81,2,100,100,100,2,96,100,93,2,100,100,100,2,61,86,70,2,43,50,73,1,19,50,33,2,80,21,78,1,20,25,73,2,62,69,91,2,100,100,100,1,0,0,100,2,75,100,66,1,69,0,69,2,69,100,67,2,30,100,42,1,18,0,36,2,96,100,97,2,67,100,66,2,13,100,50,1,5,0,100,2,33,50,65,2,50,50,50,2,47,77,47,1,35,50,20,2,85,99,98,2,57,50,78,1,20,0,73,2,50,100,50,1,40,0,27,2,94,100,100,2,50,50,50,2,50,74,50,2,100,100,100,2,100,80,100,1,74,0,91,1,14,0,11,2,78,59,33,1,33,0,64,1,50,50,50,2,100,100,100,2,90,100,85,2,78,84,67,1,84,33,75,1,50,8,50,1,9,0,98,2,50,50,32,1,9,50,23,2,80,100,90,2,65,100,86,2,94,70,69,1,50,19,34,1,50,50,50,1,34,100,28,2,100,50,83,1,0,100,100,2,50,100,84,1,29,39,26,2,69,77,30,2,90,100,60,2,100,100,100,1,78,100,78,1,50,50,50,2,50,80,61,2,79,67,92,1,30,50,25
2,70,80,70,2,75,80,70,2,70,60,70,2,70,80,60,2,70,60,80,2,70,80,60,2,70,60,70,2,78,61,68,2,79,66,90,2,74,91,80,2,63,77,72,2,95,81,75,2,80,69,85,2,73,84,78,2,62,79,74,2,65,81,77,2,66,82,75,2,72,68,87,2,67,87,81,2,72,90,69,2,78,70,87,2,69,87,80,2,70,81,91,2,66,89,82,2,73,89,85,2,68,84,80,2,74,89,83,2,66,79,97,2,85,77,96,2,69,87,83,2,66,84,79,2,83,92,85,2,72,93,85,2,73,89,81,2,62,84,77,2,71,90,83,2,69,86,81,2,69,84,80,2,70,84,79,2,68,86,79,2,67,82,79,2,66,80,75,2,77,89,75,2,63,84,79,2,72,89,84,2,72,85,82,2,70,85,82,2,70,86,81,2,71,83,80,2,67,87,83,2,70,83,97,2,67,81,78,2,83,75,90,2,65,85,78,2,66,84,81,2,64,88,82,2,64,82,76,2,68,77,89,2,72,87,83,2,64,76,92,2,61,83,78,2,63,76,90,2,64,86,78,2,69,82,79,2,64,81,77,2,60,77,73,2,68,81,75,2,67,81,76,2,62,80,76,2,73,62,93,2,62,79,75,2,80,71,96,2,72,86,83,2,63,85,80,2,62,81,76,1,21,33,21,2,64,62,76,2,64,88,80,2,62,76,72,2,64,81,78,2,75,67,84,2,67,81,77,2,65,76,73,2,60,83,78,2,57,83,77,2,65,92,85,2,69,82,75,2,66,88,81,2,55,80,73,2,67,86,76,2,69,87,81,2,65,79,75,2,68,82,80,2,66,94,87,2,66,79,76,2,70,85,81,2,65,85,79,2,66,82,78,2,74,84,72,2,65,81,78
2,70,70,50,2,85,80,75,2,50,50,50,1,50,50,50,2,95,100,90,2,75,75,71,2,70,70,65,2,77,70,67,1,51,47,52,1,30,39,39,2,85,77,82,2,50,50,50,1,5,0,20,2,96,100,93,2,87,85,78,1,29,39,36,2,50,50,50,2,95,100,95,2,88,83,83,2,71,66,69,1,24,39,35,2,84,86,80,2,73,72,71,1,49,41,50,1,11,11,17,2,75,73,73,2,51,51,51,1,37,43,42,2,91,91,82,2,65,78,71,2,80,88,82,1,46,47,46,2,87,88,84,2,74,83,82,2,57,56,60,2,82,93,85,2,51,51,51,2,63,65,64,2,59,60,63,2,75,83,73,2,51,51,51,1,22,16,29,2,51,51,51,2,76,80,73,2,74,83,83,1,31,5,27,2,51,51,51,2,51,52,52,2,75,69,73,2,69,84,73,2,51,51,51,2,81,90,85,2,89,80,79,2,51,51,51,1,40,50,50,2,75,77,76,1,20,30,30,2,94,100,93,2,51,51,51,2,51,51,51,2,63,66,67,1,42,42,41,2,51,51,51,1,42,42,36,1,42,40,42,2,69,79,71,2,60,57,61,2,92,100,95,2,67,74,68,1,20,9,23,1,10,2,11,2,60,72,62,1,41,40,43,2,51,51,51,2,73,92,83,2,51,51,51,1,22,7,17,2,51,51,51,1,24,17,25,1,20,13,23,2,74,75,77,2,76,76,79,2,78,94,83,2,51,51,51,2,51,51,51,2,66,70,67,2,70,80,73,1,32,26,29,1,45,44,44,1,26,14,23,2,65,71,65,1,29,16,29,1,41,40,39,2,51,51,51,2,82,86,81,1,22,6,16,2,97,100,96,2,78,87,81,1,25,15,24,2,51,51,51
2,70,60,89,2,81,73,92,2,80,73,89,2,70,90,82,1,66,90,85,2,70,89,76,1,76,71,87,1,74,68,93,1,75,69,90,1,67,89,82,2,69,85,80,2,64,87,79,1,76,67,92,2,78,72,89,2,71,86,78,2,69,89,80,1,68,91,82,2,72,93,86,2,70,86,80,1,63,84,79,1,72,63,94,1,63,82,76,1,64,83,78,1,13,23,41,1,19,9,40,2,77,71,84,1,64,19,29,2,71,65,81,2,68,63,85,1,18,34,26,1,20,31,26,2,76,66,84,2,67,83,79,1,17,29,27,2,74,65,91,1,19,27,20,1,33,39,32,1,29,38,23,1,26,33,36,1,21,39,21,2,73,59,77,2,68,86,83,2,62,76,73,2,66,86,81,2,65,76,93,1,20,27,20,1,10,23,20,2,71,90,82,2,64,86,79,2,62,82,75,1,22,33,34,2,73,66,85,2,65,84,81,2,64,85,79,1,19,29,24,2,76,71,82,2,67,85,80,2,67,82,79,2,66,83,79,1,60,83,77,2,65,85,74,1,15,24,20,2,70,84,78,2,67,85,80,1,24,15,28,1,19,36,28,1,17,28,20,2,67,84,78,1,20,28,21,1,23,17,34,1,25,19,32,1,13,31,24,1,23,16,29,1,18,31,23,2,72,66,91,2,64,84,78,2,68,86,81,2,70,92,83,1,19,25,20,1,24,36,26,2,68,65,84,1,23,38,30,2,70,93,87,1,21,31,24,2,73,66,88,1,23,32,24,2,69,84,79,1,21,31,27,1,18,40,30,1,21,33,25,2,69,88,80,1,28,14,28,1,19,33,25,2,75,72,86,2,75,86,82,1,16,34,25,2,75,88,83,2,68,90,82,1,20,31,25,1,15,30,25
2,80,80,75,2,81,80,70,2,99,100,99,1,60,50,60,1,5,0,5,2,99,100,99,1,20,10,25,2,80,95,75,1,10,5,10,1,15,5,10,2,90,95,95,2,40,50,35,1,20,5,15,2,60,80,70,1,60,50,60,2,40,80,60,1,40,40,50,2,40,70,55,2,95,100,99,2,60,80,70,1,5,0,1,2,80,60,70,1,30,5,20,1,40,20,30,1,0,0,0,2,90,70,80,1,60,50,55,2,60,50,55,1,60,40,50,1,30,10,20,1,40,20,30,1,30,50,40,2,80,90,85,1,10,10,10,2,95,85,90,2,90,100,95,1,10,0,5,1,20,10,15,1,10,0,5,1,20,0,10,1,40,51,45,2,60,50,55,1,40,51,45,2,85,75,80,2,80,91,85,1,40,60,50,2,80,90,86,2,90,81,86,2,80,91,85,2,81,60,70,2,50,70,60,2,95,100,95,2,90,81,85,1,40,50,45,1,60,40,50,1,50,40,44,2,70,60,66,2,80,70,75,2,60,51,55,1,30,10,21,1,60,40,51,1,10,0,5,1,40,51,45,2,80,75,83,1,45,55,50,1,40,51,45,1,15,5,6,2,95,100,94,1,20,0,10,1,20,10,15,1,5,0,4,1,40,51,45,1,40,51,45,1,20,9,15,2,91,80,85,2,71,51,62,1,51,51,51,2,71,51,62,1,20,10,14,1,0,0,0,2,81,71,75,1,19,8,14,1,15,10,13,1,40,51,45,2,81,70,75,2,60,51,56,2,81,90,85,1,15,4,10,1,60,51,55,2,85,95,91,2,81,91,85,1,20,51,30,1,45,55,51,2,61,51,55,2,91,100,95,1,9,0,3,2,96,100,92,2,99,100,99,1,10,20,15,1,54,51,52
2,79,82,73,2,68,76,66,2,82,77,72,2,76,71,71,1,31,25,34,1,36,25,40,2,71,69,65,1,30,20,35,2,65,60,66,1,15,9,15,2,93,95,89,2,86,91,84,1,55,50,53,2,94,96,93,2,95,100,97,1,59,71,55,1,50,35,50,2,92,95,89,2,92,95,91,2,72,69,70,1,0,0,0,2,81,84,77,1,0,0,0,1,39,45,40,1,0,0,0,2,77,75,76,2,55,61,50,2,55,50,50,1,50,55,45,2,50,54,48,2,66,64,65,1,45,48,48,2,100,100,100,1,24,7,18,2,79,93,75,2,100,100,100,2,83,80,75,2,97,96,96,1,0,0,0,2,71,77,68,2,54,58,47,1,55,67,54,2,59,62,52,1,60,40,50,2,97,98,96,1,46,39,43,2,65,67,60,2,58,62,52,1,13,9,18,2,55,62,53,1,56,53,46,2,100,100,100,2,95,94,92,2,82,88,76,1,34,25,30,1,47,50,50,2,71,74,65,2,76,73,70,2,75,82,75,2,71,76,68,2,75,75,71,1,54,46,50,2,76,75,68,1,66,63,59,1,50,50,47,1,40,33,37,2,82,86,81,2,96,95,96,2,91,87,83,1,56,52,58,2,91,95,92,1,55,48,50,1,50,45,50,2,63,60,57,2,96,98,95,2,78,77,71,2,61,56,57,2,60,56,50,1,30,25,27,1,0,0,0,2,56,54,49,2,81,87,80,1,6,2,4,2,71,73,68,2,76,75,76,2,65,71,67,2,80,87,86,1,61,55,59,2,96,97,96,1,10,6,8,2,57,50,56,1,29,23,18,1,55,50,52,2,75,73,77,2,100,100,100,1,0,0,0,2,95,97,95,2,95,94,95,1,45,36,44,2,63,58,50
